,game_date,play_id,play_type_nfl,punt_inside_twenty,game_id,possession_team,home_team,away_team,home_score,away_score,total_home_score,total_away_score,win_percentage,game_half,game_seconds_remaining,play_type,defense_win_percentage,return_yards,return_touchdown
142,2017-09-10,3428.0,PUNT,0.0,2017_01_ARI_DET,ARI,DET,ARI,35,23,15.0,17.0,0.56113213,Half2,869.0,punt,0.43886787,24.0,0.0
932,2017-09-10,1376.0,PUNT,0.0,2017_01_JAX_HOU,JAX,HOU,JAX,7,29,0.0,6.0,0.6205539,Half1,2331.0,punt,0.3794461,21.0,0.0
1312,2017-09-11,1262.0,PUNT,0.0,2017_01_LAC_DEN,LAC,DEN,LAC,24,21,7.0,7.0,0.39457574,Half1,2420.0,punt,0.6054243,31.0,0.0
1912,2017-09-10,3678.0,PUNT,0.0,2017_01_NYJ_BUF,BUF,BUF,NYJ,21,12,21.0,12.0,0.88663703,Half2,466.0,punt,0.11336297,25.0,0.0
2361,2017-09-10,1580.0,PUNT,0.0,2017_01_PIT_CLE,PIT,CLE,PIT,18,21,7.0,7.0,0.43148053,Half1,2130.0,punt,0.5685195,25.0,0.0
3417,2017-09-17,1622.0,PUNT,0.0,2017_02_DAL_DEN,DAL,DEN,DAL,42,17,14.0,7.0,0.17527275,Half1,2076.0,punt,0.82472724,20.0,0.0
3659,2017-09-18,2722.0,PUNT,0.0,2017_02_DET_NYG,NYG,NYG,DET,10,24,10.0,23.0,0.14083874,Half2,797.0,punt,0.85916126,88.0,1.0
3889,2017-09-14,124.0,PUNT,0.0,2017_02_HOU_CIN,HOU,CIN,HOU,9,13,0.0,0.0,0.35760528,Half1,3554.0,punt,0.6423947,33.0,0.0
3911,2017-09-14,673.0,PUNT,0.0,2017_02_HOU_CIN,HOU,CIN,HOU,9,13,0.0,0.0,0.34696323,Half1,3028.0,punt,0.6530368,26.0,0.0
4095,2017-09-17,735.0,PUNT,0.0,2017_02_MIA_LAC,MIA,LAC,MIA,17,19,0.0,3.0,0.55264133,Half1,2791.0,punt,0.44735867,23.0,0.0
5007,2017-09-17,1366.0,PUNT,0.0,2017_02_SF_SEA,SEA,SEA,SF,12,9,6.0,0.0,0.6420467,Half1,2398.0,punt,0.3579533,21.0,0.0
5233,2017-09-17,2499.0,PUNT,0.0,2017_02_TEN_JAX,JAX,JAX,TEN,16,37,3.0,9.0,0.21691199,Half2,1359.0,punt,0.783088,46.0,0.0
5569,2017-09-24,2162.0,PUNT,0.0,2017_03_ATL_DET,DET,DET,ATL,26,30,13.0,20.0,0.22118329,Half2,1725.0,punt,0.7788167,27.0,0.0
5874,2017-09-24,726.0,PUNT,0.0,2017_03_CIN_GB,CIN,GB,CIN,27,24,7.0,7.0,0.38549477,Half1,2921.0,punt,0.61450523,33.0,0.0
5949,2017-09-24,2407.0,PUNT,0.0,2017_03_CIN_GB,GB,GB,CIN,27,24,14.0,21.0,0.21046437,Half2,1236.0,punt,0.78953564,20.0,0.0
6293,2017-09-25,1548.0,PUNT,0.0,2017_03_DAL_ARI,ARI,ARI,DAL,17,28,7.0,0.0,0.6619669,Half1,1955.0,punt,0.33803308,21.0,0.0
6614,2017-09-24,121.0,PUNT,0.0,2017_03_HOU_NE,HOU,NE,HOU,36,33,0.0,0.0,0.3466623,Half1,3525.0,punt,0.6533377,33.0,0.0
6701,2017-09-24,2103.0,PUNT,0.0,2017_03_HOU_NE,HOU,NE,HOU,36,33,21.0,20.0,0.39205194,Half1,1873.0,punt,0.60794806,20.0,0.0
8122,2017-09-24,1906.0,PUNT,0.0,2017_03_SEA_TEN,SEA,TEN,SEA,33,27,6.0,0.0,0.24251816,Half1,2028.0,punt,0.7574818,22.0,0.0
8959,2017-10-01,595.0,PUNT,0.0,2017_04_CIN_CLE,CLE,CLE,CIN,7,31,0.0,0.0,0.45458785,Half1,3032.0,punt,0.5454122,40.0,0.0
10312,2017-10-01,2387.0,PUNT,0.0,2017_04_OAK_DEN,OAK,DEN,LV,16,10,13.0,7.0,0.1712744,Half2,1346.0,punt,0.8287256,29.0,0.0
11351,2017-10-08,554.0,PUNT,0.0,2017_05_ARI_PHI,ARI,PHI,ARI,34,7,7.0,0.0,0.21315813,Half1,3044.0,punt,0.78684187,76.0,0.0
11812,2017-10-08,3533.0,PUNT,0.0,2017_05_BUF_CIN,CIN,CIN,BUF,20,16,17.0,13.0,0.6391709,Half2,652.0,punt,0.36082911,40.0,0.0
12522,2017-10-08,3430.0,PUNT,0.0,2017_05_KC_HOU,HOU,HOU,KC,34,42,20.0,38.0,0.042438928,Half2,461.0,punt,0.9575611,82.0,1.0
12538,2017-10-08,3796.0,PUNT,0.0,2017_05_KC_HOU,KC,HOU,KC,34,42,20.0,39.0,0.999114,Half2,221.0,punt,0.00088602304,49.0,0.0
12850,2017-10-09,2013.0,PUNT,0.0,2017_05_MIN_CHI,CHI,CHI,MIN,17,20,2.0,3.0,0.43555835,Half1,1838.0,punt,0.5644417,21.0,0.0
13034,2017-10-05,1900.0,PUNT,0.0,2017_05_NE_TB,TB,TB,NE,14,19,7.0,10.0,0.41096887,Half1,1948.0,punt,0.5890311,40.0,0.0
13992,2017-10-15,2404.0,PUNT,0.0,2017_06_CHI_BAL,BAL,BAL,CHI,24,27,3.0,10.0,0.22408769,Half2,1498.0,punt,0.7759123,21.0,0.0
14064,2017-10-15,4103.0,PUNT,0.0,2017_06_CHI_BAL,CHI,BAL,CHI,24,27,22.0,24.0,0.96500665,Half2,115.0,punt,0.03499335,77.0,1.0
14175,2017-10-15,1873.0,PUNT,0.0,2017_06_CLE_HOU,CLE,HOU,CLE,33,17,24.0,3.0,0.043774467,Half1,1967.0,punt,0.9562255,20.0,0.0
14430,2017-10-15,3759.0,PUNT,0.0,2017_06_DET_NO,NO,NO,DET,52,38,45.0,24.0,0.9838769,Half2,900.0,punt,0.016123116,26.0,0.0
14441,2017-10-15,4024.0,PUNT,0.0,2017_06_DET_NO,NO,NO,DET,52,38,45.0,30.0,0.9958016,Half2,675.0,punt,0.0041983724,74.0,1.0
15649,2017-10-15,2441.0,PUNT,0.0,2017_06_NYG_DEN,DEN,DEN,NYG,10,23,3.0,17.0,0.10064296,Half2,1564.0,punt,0.899357,20.0,0.0
15772,2017-10-12,1181.0,PUNT,0.0,2017_06_PHI_CAR,PHI,CAR,PHI,23,28,3.0,3.0,0.32648137,Half1,2568.0,punt,0.67351866,25.0,0.0
16062,2017-10-15,3497.0,PUNT,0.0,2017_06_PIT_KC,PIT,KC,PIT,13,19,13.0,19.0,0.94033855,Half2,119.0,punt,0.059661448,32.0,0.0
16193,2017-10-15,2951.0,PUNT,0.0,2017_06_SF_WAS,WAS,WAS,SF,26,24,17.0,10.0,0.7957632,Half2,1349.0,punt,0.2042368,39.0,0.0
16498,2017-10-22,747.0,PUNT,0.0,2017_07_ARI_LA,ARI,LA,ARI,33,0,3.0,0.0,0.31666982,Half1,2835.0,punt,0.6833302,20.0,0.0
16817,2017-10-22,113.0,PUNT,0.0,2017_07_BAL_MIN,BAL,MIN,BAL,24,16,0.0,0.0,0.34368557,Half1,3488.0,punt,0.65631443,46.0,0.0
17517,2017-10-22,487.0,PUNT,0.0,2017_07_DEN_LAC,DEN,LAC,DEN,21,0,6.0,0.0,0.36597672,Half1,3164.0,punt,0.6340233,65.0,1.0
17535,2017-10-22,879.0,PUNT,0.0,2017_07_DEN_LAC,DEN,LAC,DEN,21,0,7.0,0.0,0.21757537,Half1,2780.0,punt,0.7824246,20.0,0.0
18971,2017-10-23,509.0,PUNT,0.0,2017_07_WAS_PHI,WAS,PHI,WAS,34,24,0.0,3.0,0.47410896,Half1,3120.0,punt,0.52589107,22.0,0.0
20233,2017-10-29,631.0,PUNT,0.0,2017_08_IND_CIN,IND,CIN,IND,24,23,3.0,0.0,0.24707335,Half1,2967.0,punt,0.75292665,29.0,0.0
20259,2017-10-29,1275.0,PUNT,0.0,2017_08_IND_CIN,CIN,CIN,IND,24,23,3.0,3.0,0.5291983,Half1,2510.0,punt,0.4708017,20.0,0.0
22334,2017-11-05,2817.0,PUNT,0.0,2017_09_CIN_JAX,CIN,JAX,CIN,23,7,22.0,7.0,0.087642446,Half2,894.0,punt,0.91235757,63.0,1.0
22428,2017-11-05,1253.0,PUNT,0.0,2017_09_DEN_PHI,PHI,PHI,DEN,51,23,17.0,3.0,0.89180297,Half1,2541.0,punt,0.10819703,44.0,0.0
23202,2017-11-05,2720.0,PUNT,0.0,2017_09_LA_NYG,NYG,NYG,LA,17,51,10.0,34.0,0.0055261636,Half2,1393.0,punt,0.9944738,30.0,0.0
23638,2017-11-05,870.0,PUNT,0.0,2017_09_WAS_SEA,WAS,SEA,WAS,14,17,2.0,0.0,0.29303232,Half1,2826.0,punt,0.7069677,21.0,0.0
23896,2017-11-12,2185.0,PUNT,0.0,2017_10_CIN_TEN,TEN,TEN,CIN,24,20,17.0,13.0,0.61872834,Half2,1748.0,punt,0.38127166,23.0,0.0
24142,2017-11-12,3447.0,PUNT,0.0,2017_10_CLE_DET,CLE,DET,CLE,38,24,31.0,24.0,0.08513139,Half2,332.0,punt,0.9148686,29.0,0.0
24660,2017-11-12,3163.0,PUNT,0.0,2017_10_HOU_LA,HOU,LA,HOU,33,7,16.0,7.0,0.1095544,Half2,1084.0,punt,0.8904456,27.0,0.0
25821,2017-11-12,991.0,PUNT,0.0,2017_10_NYJ_TB,NYJ,TB,NYJ,15,10,3.0,0.0,0.27617586,Half1,2645.0,punt,0.72382414,44.0,0.0
26767,2017-11-19,1633.0,PUNT,0.0,2017_11_BAL_GB,GB,GB,BAL,0,23,0.0,3.0,0.30720565,Half1,1909.0,punt,0.6927943,28.0,0.0
28806,2017-11-19,3393.0,PUNT,0.0,2017_11_WAS_NO,WAS,NO,WAS,34,31,13.0,24.0,0.9258507,Half2,694.0,punt,0.07414931,24.0,0.0
28894,2017-11-26,699.0,PUNT,0.0,2017_12_BUF_KC,KC,KC,BUF,10,16,0.0,0.0,0.5474936,Half1,3065.0,punt,0.45250642,20.0,0.0
29200,2017-11-26,3938.0,PUNT,0.0,2017_12_CAR_NYJ,NYJ,NYJ,CAR,27,35,20.0,32.0,0.11331685,Half2,609.0,punt,0.88668317,60.0,1.0
30090,2017-11-27,3745.0,PUNT,0.0,2017_12_HOU_BAL,BAL,BAL,HOU,23,16,20.0,16.0,0.6789017,Half2,404.0,punt,0.32109833,21.0,0.0
30176,2017-11-26,1431.0,PUNT,0.0,2017_12_JAX_ARI,JAX,ARI,JAX,27,24,6.0,0.0,0.18305449,Half1,2224.0,punt,0.8169455,20.0,0.0
30929,2017-11-26,2227.0,PUNT,0.0,2017_12_NO_LA,NO,LA,NO,26,20,17.0,10.0,0.20867002,Half2,1672.0,punt,0.79133,40.0,0.0
32194,2017-12-03,3079.0,PUNT,0.0,2017_13_DEN_MIA,DEN,MIA,DEN,35,9,26.0,9.0,0.025673151,Half2,1029.0,punt,0.97432685,27.0,0.0
32436,2017-12-03,120.0,PUNT,0.0,2017_13_HOU_TEN,HOU,TEN,HOU,24,13,0.0,0.0,0.4033366,Half1,3497.0,punt,0.59666336,25.0,0.0
32796,2017-12-03,308.0,PUNT,0.0,2017_13_KC_NYJ,NYJ,NYJ,KC,38,31,0.0,7.0,0.33226654,Half1,3355.0,punt,0.66773343,24.0,0.0
33081,2017-12-03,2462.0,PUNT,0.0,2017_13_LA_ARI,ARI,ARI,LA,16,32,13.0,19.0,0.22239318,Half2,1402.0,punt,0.77760684,30.0,0.0
34083,2017-12-03,1489.0,PUNT,0.0,2017_13_SF_CHI,SF,CHI,SF,14,15,13.0,6.0,0.32386616,Half1,2172.0,punt,0.6761339,61.0,1.0
34426,2017-11-30,1561.0,PUNT,0.0,2017_13_WAS_DAL,WAS,DAL,WAS,38,14,16.0,0.0,0.17141554,Half1,2046.0,punt,0.82858443,83.0,1.0
35422,2017-12-10,3592.0,PUNT,0.0,2017_14_GB_CLE,CLE,CLE,GB,21,27,21.0,14.0,0.9049558,Half2,177.0,punt,0.095044196,65.0,0.0
35764,2017-12-10,2928.0,PUNT,0.0,2017_14_MIN_CAR,CAR,CAR,MIN,31,24,24.0,13.0,0.88996434,Half2,930.0,punt,0.11003566,29.0,0.0
36259,2017-12-10,1956.0,PUNT,0.0,2017_14_NYJ_DEN,NYJ,DEN,NYJ,23,0,13.0,0.0,0.08210072,Half2,1682.0,punt,0.91789925,24.0,0.0
36821,2017-12-10,2768.0,PUNT,0.0,2017_14_SEA_JAX,SEA,JAX,SEA,30,24,17.0,10.0,0.17650244,Half2,1258.0,punt,0.82349753,72.0,0.0
37402,2017-12-10,3469.0,PUNT,0.0,2017_14_WAS_LAC,WAS,LAC,WAS,30,13,30.0,6.0,0.00032277574,Half2,405.0,punt,0.99967724,47.0,0.0
38860,2017-12-17,849.0,PUNT,0.0,2017_15_HOU_JAX,HOU,JAX,HOU,45,7,7.0,0.0,0.18705785,Half1,2809.0,punt,0.81294215,26.0,0.0
39036,2017-12-17,782.0,PUNT,0.0,2017_15_LA_SEA,SEA,SEA,LA,7,42,0.0,6.0,0.23856962,Half1,3077.0,punt,0.7614304,53.0,0.0
39063,2017-12-17,1385.0,PUNT,0.0,2017_15_LA_SEA,SEA,SEA,LA,7,42,0.0,13.0,0.11089551,Half1,2431.0,punt,0.8891045,26.0,0.0
39088,2017-12-17,2018.0,PUNT,0.0,2017_15_LA_SEA,SEA,SEA,LA,7,42,0.0,27.0,0.0026662,Half1,1893.0,punt,0.9973338,26.0,0.0
39495,2017-12-17,3506.0,PUNT,0.0,2017_15_MIA_BUF,BUF,BUF,MIA,24,16,24.0,6.0,0.99003875,Half2,586.0,punt,0.009961247,26.0,0.0
40652,2017-12-24,488.0,PUNT,0.0,2017_16_CLE_CHI,CLE,CHI,CLE,20,3,0.0,0.0,0.3857455,Half1,3104.0,punt,0.6142545,28.0,0.0
42755,2017-12-25,2336.0,PUNT,0.0,2017_16_PIT_HOU,HOU,HOU,PIT,6,34,0.0,20.0,0.028210502,Half2,1258.0,punt,0.9717895,27.0,0.0
42802,2017-12-25,3434.0,PUNT,0.0,2017_16_PIT_HOU,HOU,HOU,PIT,6,34,6.0,34.0,6.0441584e-05,Half2,181.0,punt,0.99993956,21.0,0.0
43308,2017-12-31,3502.0,PUNT,0.0,2017_17_ARI_SEA,ARI,SEA,ARI,24,26,17.0,23.0,0.771827,Half2,686.0,punt,0.22817302,27.0,0.0
43766,2017-12-31,1395.0,PUNT,0.0,2017_17_CHI_MIN,MIN,MIN,CHI,23,10,14.0,6.0,0.89069545,Half1,2165.0,punt,0.10930455,59.0,1.0
44500,2017-12-31,1603.0,PUNT,0.0,2017_17_GB_DET,GB,DET,GB,35,11,10.0,3.0,0.19771628,Half1,2113.0,punt,0.8022837,20.0,0.0
44587,2017-12-31,3700.0,PUNT,0.0,2017_17_GB_DET,DET,DET,GB,35,11,35.0,11.0,0.9997607,Half2,146.0,punt,0.00023931265,28.0,0.0
44736,2017-12-31,3301.0,PUNT,0.0,2017_17_HOU_IND,HOU,IND,HOU,22,13,19.0,13.0,0.11861545,Half2,413.0,punt,0.88138455,30.0,0.0
45910,2017-12-31,2039.0,PUNT,0.0,2017_17_WAS_NYG,NYG,NYG,WAS,18,10,15.0,7.0,0.7672799,Half1,1818.0,punt,0.23272008,29.0,0.0
47608,2018-01-21,3543.0,PUNT,0.0,2017_20_JAX_NE,JAX,NE,JAX,24,20,17.0,20.0,0.5591893,Half2,310.0,punt,0.44081068,20.0,0.0
48231,2018-09-09,1136.0,PUNT,0.0,2018_01_BUF_BAL,BUF,BAL,BUF,47,3,14.0,0.0,0.110711694,Half1,2661.0,punt,0.8892883,51.0,0.0
48434,2018-09-09,1149.0,PUNT,0.0,2018_01_CHI_GB,GB,GB,CHI,24,23,0.0,10.0,0.17933905,Half1,2345.0,punt,0.82066095,42.0,0.0
48788,2018-09-09,1047.0,PUNT,0.0,2018_01_DAL_CAR,DAL,CAR,DAL,16,8,0.0,0.0,0.34798422,Half1,2553.0,punt,0.6520158,30.0,0.0
49309,2018-09-09,117.0,PUNT,0.0,2018_01_KC_LAC,LAC,LAC,KC,28,38,0.0,6.0,0.51455146,Half1,3504.0,punt,0.48544854,91.0,1.0
49694,2018-09-10,469.0,PUNT,0.0,2018_01_NYJ_DET,DET,DET,NYJ,17,48,7.0,0.0,0.742202,Half1,3129.0,punt,0.25779802,43.0,0.0
49789,2018-09-10,2626.0,PUNT,0.0,2018_01_NYJ_DET,DET,DET,NYJ,17,48,17.0,37.0,0.06731408,Half2,1340.0,punt,0.9326859,78.0,1.0
49877,2018-09-09,588.0,PUNT,0.0,2018_01_PIT_CLE,CLE,CLE,PIT,21,21,0.0,0.0,0.5479139,Half1,3094.0,punt,0.4520861,22.0,0.0
49963,2018-09-09,2632.0,PUNT,0.0,2018_01_PIT_CLE,CLE,CLE,PIT,21,21,7.0,14.0,0.21046437,Half2,1278.0,punt,0.78953564,20.0,0.0
50723,2018-09-09,1993.0,PUNT,0.0,2018_01_TEN_MIA,MIA,MIA,TEN,27,20,7.0,3.0,0.6700858,Half2,1725.0,punt,0.3299142,26.0,0.0
50983,2018-09-09,3706.0,PUNT,0.0,2018_01_WAS_ARI,WAS,ARI,WAS,6,24,6.0,24.0,0.99778146,Half2,288.0,punt,0.0022185445,44.0,0.0
51067,2018-09-16,1552.0,PUNT,0.0,2018_02_ARI_LA,ARI,LA,ARI,34,0,11.0,0.0,0.13903555,Half1,2073.0,punt,0.8609644,60.0,0.0
52264,2018-09-16,145.0,PUNT,0.0,2018_02_KC_PIT,PIT,PIT,KC,37,42,0.0,0.0,0.45431122,Half1,3562.0,punt,0.54568875,48.0,0.0
52658,2018-09-16,815.0,PUNT,0.0,2018_02_MIA_NYJ,NYJ,NYJ,MIA,12,20,0.0,7.0,0.30505785,Half1,2662.0,punt,0.6949421,22.0,0.0
53732,2018-09-17,735.0,PUNT,0.0,2018_02_SEA_CHI,SEA,CHI,SEA,24,17,7.0,0.0,0.2156099,Half1,2910.0,punt,0.7843901,32.0,0.0
54123,2018-09-23,1239.0,PUNT,0.0,2018_03_CHI_ARI,ARI,ARI,CHI,14,16,14.0,0.0,0.8717402,Half1,2254.0,punt,0.12825978,21.0,0.0
55805,2018-09-23,2467.0,PUNT,0.0,2018_03_NYG_HOU,NYG,HOU,NYG,22,27,9.0,20.0,0.84960145,Half2,1255.0,punt,0.15039855,27.0,0.0
57482,2018-09-30,3589.0,PUNT,0.0,2018_04_CLE_OAK,CLE,LV,CLE,45,42,31.0,28.0,0.25325602,Half2,748.0,punt,0.746744,49.0,0.0
57999,2018-10-01,568.0,PUNT,0.0,2018_04_KC_DEN,DEN,DEN,KC,23,27,3.0,3.0,0.46454927,Half1,2986.0,punt,0.5354507,37.0,0.0
58201,2018-09-30,971.0,PUNT,0.0,2018_04_MIA_NE,MIA,NE,MIA,38,7,3.0,0.0,0.29388857,Half1,2660.0,punt,0.70611143,24.0,0.0
59015,2018-09-30,3513.0,PUNT,0.0,2018_04_PHI_TEN,TEN,TEN,PHI,26,23,20.0,17.0,0.80750555,Half2,114.0,punt,0.19249445,42.0,0.0
59331,2018-09-30,1942.0,PUNT,0.0,2018_04_SF_LAC,SF,LAC,SF,29,27,14.0,17.0,0.6123529,Half1,1830.0,punt,0.3876471,56.0,0.0
59340,2018-09-30,2134.0,PUNT,0.0,2018_04_SF_LAC,SF,LAC,SF,29,27,17.0,17.0,0.36024317,Half2,1717.0,punt,0.6397568,21.0,0.0
60349,2018-10-07,3630.0,PUNT,0.0,2018_05_DAL_HOU,HOU,HOU,DAL,19,16,16.0,16.0,0.44936338,Half2,220.0,punt,0.55063665,22.0,0.0
60519,2018-10-07,3120.0,PUNT,0.0,2018_05_DEN_NYJ,DEN,NYJ,DEN,34,16,24.0,10.0,0.028635807,Half2,907.0,punt,0.9713642,51.0,0.0
60875,2018-10-04,2618.0,PUNT,0.0,2018_05_IND_NE,NE,NE,IND,38,24,24.0,3.0,0.9422372,Half2,1617.0,punt,0.0577628,33.0,0.0
61412,2018-10-07,1828.0,PUNT,0.0,2018_05_MIA_CIN,CIN,CIN,MIA,27,17,0.0,13.0,0.2913299,Half1,1840.0,punt,0.70867014,71.0,1.0
62049,2018-10-07,736.0,PUNT,0.0,2018_05_TEN_BUF,BUF,BUF,TEN,13,12,7.0,0.0,0.7435685,Half1,3019.0,punt,0.25643152,38.0,0.0
62460,2018-10-14,2545.0,PUNT,0.0,2018_06_ARI_MIN,ARI,MIN,ARI,27,17,20.0,10.0,0.085454464,Half2,1378.0,punt,0.91454554,20.0,0.0
62609,2018-10-14,1915.0,PUNT,0.0,2018_06_BAL_TEN,TEN,TEN,BAL,0,21,0.0,14.0,0.10131347,Half1,1835.0,punt,0.8986865,26.0,0.0
63870,2018-10-14,2433.0,PUNT,0.0,2018_06_LA_DEN,DEN,DEN,LA,20,23,3.0,13.0,0.17805508,Half2,1525.0,punt,0.82194495,26.0,0.0
63960,2018-10-14,178.0,PUNT,0.0,2018_06_LAC_CLE,CLE,CLE,LAC,14,38,0.0,0.0,0.48805323,Half1,3474.0,punt,0.5119468,32.0,0.0
64009,2018-10-14,1357.0,PUNT,0.0,2018_06_LAC_CLE,LAC,CLE,LAC,14,38,3.0,7.0,0.58731186,Half1,2402.0,punt,0.41268814,33.0,0.0
64160,2018-10-11,708.0,PUNT,0.0,2018_06_PHI_NYG,NYG,NYG,PHI,13,34,3.0,7.0,0.31983557,Half1,3003.0,punt,0.68016446,23.0,0.0
65677,2018-10-21,3906.0,PUNT,0.0,2018_07_CLE_TB,TB,TB,CLE,26,23,23.0,16.0,0.8372454,Half2,170.0,punt,0.1627546,32.0,0.0
66355,2018-10-21,2463.0,PUNT,0.0,2018_07_HOU_JAX,HOU,JAX,HOU,7,20,0.0,20.0,0.95062566,Half2,1334.0,punt,0.049374342,21.0,0.0
66553,2018-10-21,3243.0,PUNT,0.0,2018_07_LA_SF,SF,SF,LA,10,39,10.0,32.0,0.0018486602,Half2,749.0,punt,0.99815136,36.0,0.0
66668,2018-10-21,2078.0,PUNT,0.0,2018_07_MIN_NYJ,NYJ,NYJ,MIN,17,37,7.0,10.0,0.3512087,Half1,1914.0,punt,0.6487913,20.0,0.0
67209,2018-10-22,1153.0,PUNT,0.0,2018_07_NYG_ATL,ATL,ATL,NYG,23,20,0.0,0.0,0.48012182,Half1,2256.0,punt,0.51987815,21.0,0.0
67589,2018-10-28,2345.0,PUNT,0.0,2018_08_BAL_CAR,CAR,CAR,BAL,36,21,24.0,7.0,0.9259585,Half2,1619.0,punt,0.074041486,23.0,0.0
67693,2018-10-28,651.0,PUNT,0.0,2018_08_CLE_PIT,CLE,PIT,CLE,33,18,0.0,3.0,0.48073223,Half1,3077.0,punt,0.5192678,23.0,0.0
68499,2018-10-25,2736.0,PUNT,0.0,2018_08_MIA_HOU,HOU,HOU,MIA,42,23,21.0,10.0,0.8457071,Half2,1315.0,punt,0.15429288,21.0,0.0
68672,2018-10-29,2817.0,PUNT,0.0,2018_08_NE_BUF,NE,BUF,NE,6,25,3.0,9.0,0.65419316,Half2,1469.0,punt,0.34580684,31.0,0.0
69038,2018-10-28,2689.0,PUNT,0.0,2018_08_NYJ_CHI,NYJ,CHI,NYJ,24,10,14.0,3.0,0.10521804,Half2,1239.0,punt,0.89478195,21.0,0.0
69208,2018-10-28,2455.0,PUNT,0.0,2018_08_PHI_JAX,PHI,JAX,PHI,18,24,12.0,17.0,0.5710738,Half2,1102.0,punt,0.42892623,23.0,0.0
70274,2018-11-04,2180.0,PUNT,0.0,2018_09_CHI_BUF,BUF,BUF,CHI,9,41,0.0,21.0,0.059290636,Half1,1906.0,punt,0.94070935,36.0,0.0
70458,2018-11-04,1601.0,PUNT,0.0,2018_09_DET_MIN,DET,MIN,DET,24,9,14.0,6.0,0.19007862,Half1,1850.0,punt,0.8099214,24.0,0.0
72701,2018-11-11,1139.0,PUNT,0.0,2018_10_BUF_NYJ,NYJ,NYJ,BUF,10,41,0.0,17.0,0.118363515,Half1,2584.0,punt,0.8816365,21.0,0.0
74195,2018-11-12,123.0,PUNT,0.0,2018_10_NYG_SF,NYG,SF,NYG,23,27,0.0,0.0,0.34601623,Half1,3525.0,punt,0.6539838,23.0,0.0
74919,2018-11-18,776.0,PUNT,0.0,2018_11_CIN_BAL,BAL,BAL,CIN,24,21,7.0,0.0,0.77796626,Half1,2899.0,punt,0.22203374,38.0,0.0
76574,2018-11-18,1042.0,PUNT,0.0,2018_11_PIT_JAX,PIT,JAX,PIT,16,20,3.0,0.0,0.32268274,Half1,2537.0,punt,0.67731726,25.0,0.0
76908,2018-11-18,595.0,PUNT,0.0,2018_11_TEN_IND,TEN,IND,TEN,38,10,0.0,0.0,0.35619316,Half1,3009.0,punt,0.6438068,51.0,0.0
77062,2018-11-25,392.0,PUNT,0.0,2018_12_ARI_LAC,LAC,LAC,ARI,45,10,0.0,7.0,0.31625548,Half1,3204.0,punt,0.68374455,26.0,0.0
77089,2018-11-25,1025.0,PUNT,0.0,2018_12_ARI_LAC,ARI,LAC,ARI,45,10,7.0,10.0,0.46490046,Half1,2527.0,punt,0.5350995,23.0,0.0
77685,2018-11-25,3668.0,PUNT,0.0,2018_12_CLE_CIN,CLE,CIN,CLE,20,35,20.0,35.0,0.9906844,Half2,382.0,punt,0.00931561,23.0,0.0
77708,2018-11-25,4188.0,PUNT,0.0,2018_12_CLE_CIN,CLE,CIN,CLE,20,35,20.0,35.0,0.9986552,Half2,120.0,punt,0.0013448,33.0,0.0
77821,2018-11-25,2450.0,PUNT,0.0,2018_12_GB_MIN,MIN,MIN,GB,24,17,14.0,14.0,0.47584873,Half2,1507.0,punt,0.52415127,23.0,0.0
77839,2018-11-25,2857.0,PUNT,0.0,2018_12_GB_MIN,GB,MIN,GB,24,17,17.0,14.0,0.24449894,Half2,1018.0,punt,0.75550103,20.0,0.0
77998,2018-11-25,2912.0,PUNT,0.0,2018_12_JAX_BUF,BUF,BUF,JAX,24,21,14.0,14.0,0.4657808,Half2,1280.0,punt,0.5342192,21.0,0.0
78648,2018-11-25,1273.0,PUNT,0.0,2018_12_OAK_BAL,OAK,BAL,LV,34,17,9.0,7.0,0.46833506,Half1,2581.0,punt,0.53166497,70.0,1.0
79334,2018-11-26,803.0,PUNT,0.0,2018_12_TEN_HOU,TEN,HOU,TEN,34,17,7.0,10.0,0.4898629,Half1,2826.0,punt,0.5101371,25.0,0.0
79567,2018-11-22,2305.0,PUNT,0.0,2018_12_WAS_DAL,DAL,DAL,WAS,31,23,10.0,7.0,0.5952005,Half2,1544.0,punt,0.40479952,30.0,0.0
79694,2018-12-02,955.0,PUNT,0.0,2018_13_ARI_GB,ARI,GB,ARI,17,20,0.0,0.0,0.39446434,Half1,2635.0,punt,0.6055356,24.0,0.0
81613,2018-12-02,3040.0,PUNT,0.0,2018_13_LAC_PIT,PIT,PIT,LAC,30,33,23.0,21.0,0.8161081,Half2,791.0,punt,0.18389189,73.0,1.0
81790,2018-12-02,3123.0,PUNT,0.0,2018_13_MIN_NE,MIN,NE,MIN,24,10,17.0,10.0,0.11859196,Half2,862.0,punt,0.88140804,23.0,0.0
82869,2018-12-09,3600.0,PUNT,0.0,2018_14_BAL_KC,KC,KC,BAL,27,24,17.0,17.0,0.4265929,Half2,324.0,punt,0.5734071,55.0,0.0
83384,2018-12-09,2917.0,PUNT,0.0,2018_14_DEN_SF,SF,SF,DEN,20,14,20.0,0.0,0.95153975,Half2,1572.0,punt,0.048460245,20.0,0.0
83653,2018-12-09,227.0,PUNT,0.0,2018_14_IND_HOU,HOU,HOU,IND,21,24,0.0,0.0,0.59220535,Half1,3400.0,punt,0.40779465,26.0,0.0
84088,2018-12-09,2254.0,PUNT,0.0,2018_14_LA_CHI,LA,CHI,LA,15,6,6.0,6.0,0.42427585,Half1,1863.0,punt,0.5757241,22.0,0.0
84758,2018-12-09,1078.0,PUNT,0.0,2018_14_NYG_WAS,WAS,WAS,NYG,16,40,0.0,7.0,0.2576973,Half1,2719.0,punt,0.74230266,23.0,0.0
86294,2018-12-16,3600.0,PUNT,0.0,2018_15_GB_CHI,GB,CHI,GB,24,17,21.0,14.0,0.09869066,Half2,566.0,punt,0.9013094,44.0,0.0
86706,2018-12-16,370.0,PUNT,0.0,2018_15_MIA_MIN,MIA,MIN,MIA,41,17,7.0,0.0,0.27185988,Half1,3272.0,punt,0.7281401,21.0,0.0
86789,2018-12-16,2353.0,PUNT,0.0,2018_15_MIA_MIN,MIA,MIN,MIA,41,17,21.0,17.0,0.23815441,Half2,1516.0,punt,0.7618456,70.0,0.0
88186,2018-12-16,1977.0,PUNT,0.0,2018_15_WAS_JAX,WAS,JAX,WAS,13,16,9.0,3.0,0.4178062,Half1,1823.0,punt,0.5821938,74.0,1.0
88599,2018-12-22,3686.0,PUNT,0.0,2018_16_BAL_LAC,BAL,LAC,BAL,10,22,10.0,16.0,0.73810893,Half2,192.0,punt,0.26189107,24.0,0.0
88751,2018-12-23,3289.0,PUNT,0.0,2018_16_BUF_NE,BUF,NE,BUF,24,12,21.0,6.0,0.014714455,Half2,666.0,punt,0.9852855,25.0,0.0
89115,2018-12-24,241.0,PUNT,0.0,2018_16_DEN_OAK,DEN,LV,DEN,27,14,6.0,0.0,0.37351352,Half1,3335.0,punt,0.6264865,99.0,1.0
89765,2018-12-23,1832.0,PUNT,0.0,2018_16_JAX_MIA,MIA,MIA,JAX,7,17,7.0,7.0,0.46651554,Half1,1822.0,punt,0.53348446,44.0,0.0
90192,2018-12-23,3616.0,PUNT,0.0,2018_16_LA_ARI,ARI,ARI,LA,9,31,9.0,31.0,0.0003879581,Half2,506.0,punt,0.99961203,26.0,0.0
91174,2018-12-30,1714.0,PUNT,0.0,2018_17_ARI_SEA,SEA,SEA,ARI,27,24,14.0,10.0,0.6609545,Half1,2023.0,punt,0.33904552,45.0,0.0
92063,2018-12-30,2502.0,PUNT,0.0,2018_17_CLE_BAL,BAL,BAL,CLE,26,24,20.0,7.0,0.89164805,Half2,1670.0,punt,0.108351946,37.0,0.0
92442,2018-12-30,2362.0,PUNT,0.0,2018_17_DET_GB,GB,GB,DET,0,31,0.0,21.0,0.045775045,Half2,1610.0,punt,0.95422494,25.0,0.0
92819,2018-12-30,3377.0,PUNT,0.0,2018_17_JAX_HOU,JAX,HOU,JAX,20,3,20.0,3.0,0.011495116,Half2,566.0,punt,0.9885049,30.0,0.0
94050,2019-01-06,694.0,PUNT,0.0,2018_18_LAC_BAL,BAL,BAL,LAC,17,23,0.0,3.0,0.36745384,Half1,2915.0,punt,0.6325462,33.0,0.0
94530,2019-01-05,3280.0,PUNT,0.0,2018_18_SEA_DAL,SEA,DAL,SEA,24,22,17.0,14.0,0.25204614,Half2,668.0,punt,0.7479539,51.0,0.0
98097,2019-09-08,772.0,PUNT,0.0,2019_01_PIT_NE,PIT,NE,PIT,33,3,7.0,0.0,0.23652911,Half1,2853.0,punt,0.7634709,20.0,0.0
98860,2019-09-15,1868.0,PUNT,0.0,2019_02_ARI_BAL,ARI,BAL,ARI,23,17,17.0,6.0,0.10757706,Half1,1974.0,punt,0.8924229,25.0,0.0
99049,2019-09-15,1972.0,PUNT,0.0,2019_02_BUF_NYG,BUF,NYG,BUF,14,28,7.0,21.0,0.86268353,Half1,1892.0,punt,0.13731647,60.0,0.0
100171,2019-09-15,3629.0,PUNT,0.0,2019_02_KC_OAK,OAK,LV,KC,10,28,10.0,28.0,0.013323236,Half2,770.0,punt,0.98667675,20.0,0.0
100840,2019-09-15,3034.0,PUNT,0.0,2019_02_NO_LA,NO,LA,NO,27,9,13.0,6.0,0.15174972,Half2,1129.0,punt,0.84825027,32.0,0.0
101503,2019-09-12,1283.0,PUNT,0.0,2019_02_TB_CAR,TB,CAR,TB,14,20,3.0,3.0,0.3416158,Half1,2406.0,punt,0.6583842,39.0,0.0
102058,2019-09-22,1338.0,PUNT,0.0,2019_03_CAR_ARI,CAR,ARI,CAR,20,38,7.0,7.0,0.3940829,Half1,2266.0,punt,0.6059171,20.0,0.0
102863,2019-09-22,3119.0,PUNT,0.0,2019_03_DET_PHI,PHI,PHI,DET,24,27,17.0,27.0,0.09030768,Half2,795.0,punt,0.9096923,24.0,0.0
103008,2019-09-22,2324.0,PUNT,0.0,2019_03_HOU_LAC,LAC,LAC,HOU,20,27,17.0,7.0,0.79799986,Half2,1583.0,punt,0.20200014,23.0,0.0
103455,2019-09-22,218.0,PUNT,0.0,2019_03_NO_SEA,SEA,SEA,NO,27,33,0.0,6.0,0.44885355,Half1,3439.0,punt,0.55114645,53.0,1.0
105070,2019-09-29,1082.0,PUNT,0.0,2019_04_DAL_NO,DAL,NO,DAL,12,10,3.0,3.0,0.35945836,Half1,2618.0,punt,0.6405417,23.0,0.0
108071,2019-10-06,2704.0,PUNT,0.0,2019_05_CHI_OAK,OAK,LV,CHI,24,21,17.0,14.0,0.6631936,Half2,1018.0,punt,0.33680642,71.0,0.0
108215,2019-10-07,1986.0,PUNT,0.0,2019_05_CLE_SF,CLE,SF,CLE,31,3,21.0,3.0,0.047449544,Half1,1858.0,punt,0.9525505,32.0,0.0
108416,2019-10-06,2956.0,PUNT,0.0,2019_05_DEN_LAC,DEN,LAC,DEN,13,20,6.0,17.0,0.96297777,Half2,949.0,punt,0.037022233,68.0,1.0
112115,2019-10-13,113.0,PUNT,0.0,2019_06_TEN_DEN,TEN,DEN,TEN,16,0,0.0,0.0,0.35638472,Half1,3517.0,punt,0.64361525,42.0,0.0
112431,2019-10-13,3587.0,PUNT,0.0,2019_06_WAS_MIA,WAS,MIA,WAS,16,17,10.0,17.0,0.8345038,Half2,388.0,punt,0.16549617,21.0,0.0
113228,2019-10-17,717.0,PUNT,0.0,2019_07_KC_DEN,DEN,DEN,KC,6,30,6.0,7.0,0.42115992,Half1,2867.0,punt,0.5788401,36.0,0.0
113461,2019-10-20,2229.0,PUNT,0.0,2019_07_LA_ATL,ATL,ATL,LA,10,37,3.0,13.0,0.18057184,Half1,1832.0,punt,0.81942815,35.0,0.0
114222,2019-10-21,3623.0,PUNT,0.0,2019_07_NE_NYJ,NYJ,NYJ,NE,0,33,0.0,33.0,0.000118860036,Half2,735.0,punt,0.99988115,22.0,0.0
114348,2019-10-20,2314.0,PUNT,0.0,2019_07_NO_CHI,CHI,CHI,NO,25,36,10.0,12.0,0.4126586,Half1,1909.0,punt,0.5873414,23.0,0.0
114617,2019-10-20,3733.0,PUNT,0.0,2019_07_OAK_GB,GB,GB,LV,42,24,42.0,17.0,0.99976856,Half2,144.0,punt,0.00023144484,32.0,0.0
116052,2019-10-27,1041.0,PUNT,0.0,2019_08_LAC_CHI,LAC,CHI,LAC,16,17,3.0,0.0,0.30238178,Half1,2562.0,punt,0.69761825,24.0,0.0
116583,2019-10-27,999.0,PUNT,0.0,2019_08_NYJ_JAX,NYJ,JAX,NYJ,29,15,13.0,7.0,0.23365533,Half1,2658.0,punt,0.76634467,24.0,0.0
117339,2019-10-27,1717.0,PUNT,0.0,2019_08_TB_TEN,TEN,TEN,TB,27,23,14.0,6.0,0.7852193,Half1,2179.0,punt,0.21478069,40.0,0.0
117729,2019-11-03,2871.0,PUNT,0.0,2019_09_CHI_PHI,PHI,PHI,CHI,22,14,19.0,7.0,0.86642,Half2,1151.0,punt,0.13358003,24.0,0.0
117796,2019-11-03,255.0,PUNT,0.0,2019_09_CLE_DEN,CLE,DEN,CLE,24,19,0.0,0.0,0.45054886,Half1,3370.0,punt,0.5494511,20.0,0.0
120360,2019-11-10,1338.0,PUNT,0.0,2019_10_ATL_NO,NO,NO,ATL,9,26,3.0,10.0,0.30264828,Half1,2368.0,punt,0.6973517,21.0,0.0
120802,2019-11-10,3481.0,PUNT,0.0,2019_10_BUF_CLE,CLE,CLE,BUF,19,16,12.0,9.0,0.6304856,Half2,563.0,punt,0.3695144,22.0,0.0
121892,2019-11-10,2721.0,PUNT,0.0,2019_10_MIA_IND,MIA,IND,MIA,12,16,3.0,10.0,0.7102392,Half2,1254.0,punt,0.28976083,21.0,0.0
122399,2019-11-11,1796.0,PUNT,0.0,2019_10_SEA_SF,SF,SF,SEA,24,27,10.0,7.0,0.5617844,Half1,1919.0,punt,0.4382156,20.0,0.0
122769,2019-11-17,806.0,PUNT,0.0,2019_11_ATL_CAR,CAR,CAR,ATL,3,29,0.0,9.0,0.4282594,Half1,2778.0,punt,0.5717406,78.0,1.0
123502,2019-11-17,1452.0,PUNT,0.0,2019_11_DAL_DET,DAL,DET,DAL,27,35,7.0,10.0,0.4798097,Half1,2477.0,punt,0.5201903,32.0,0.0
124579,2019-11-17,1040.0,PUNT,0.0,2019_11_NO_TB,TB,TB,NO,17,34,0.0,13.0,0.16396485,Half1,2527.0,punt,0.83603513,27.0,0.0
125092,2019-11-25,119.0,PUNT,0.0,2019_12_BAL_LA,LA,LA,BAL,6,45,0.0,0.0,0.46170697,Half1,3525.0,punt,0.538293,20.0,0.0
126356,2019-11-24,1024.0,PUNT,0.0,2019_12_JAX_TEN,JAX,TEN,JAX,42,20,0.0,0.0,0.37796634,Half1,2451.0,punt,0.62203366,21.0,0.0
126746,2019-11-24,1632.0,PUNT,0.0,2019_12_NYG_CHI,CHI,CHI,NYG,19,14,0.0,7.0,0.29330602,Half1,2214.0,punt,0.706694,40.0,0.0
126946,2019-11-24,1784.0,PUNT,0.0,2019_12_OAK_NYJ,OAK,NYJ,LV,34,3,13.0,3.0,0.12901916,Half1,1920.0,punt,0.87098086,26.0,0.0
130052,2019-12-01,3456.0,PUNT,0.0,2019_13_TB_JAX,TB,JAX,TB,11,28,11.0,25.0,0.93865365,Half2,692.0,punt,0.061346352,43.0,0.0
130163,2019-12-01,1460.0,PUNT,0.0,2019_13_TEN_IND,TEN,IND,TEN,17,31,10.0,7.0,0.25287047,Half1,2045.0,punt,0.74712956,23.0,0.0
132528,2019-12-08,653.0,PUNT,0.0,2019_14_PIT_ARI,ARI,ARI,PIT,17,23,0.0,9.0,0.35965383,Half1,2893.0,punt,0.64034617,85.0,1.0
132591,2019-12-08,2021.0,PUNT,0.0,2019_14_PIT_ARI,PIT,ARI,PIT,17,23,10.0,13.0,0.5265271,Half2,1719.0,punt,0.4734729,29.0,0.0
132885,2019-12-08,890.0,PUNT,0.0,2019_14_SF_NO,SF,NO,SF,46,48,13.0,7.0,0.2508532,Half1,2860.0,punt,0.7491468,25.0,0.0
135570,2019-12-12,1845.0,PUNT,0.0,2019_15_NYJ_BAL,BAL,BAL,NYJ,42,21,21.0,7.0,0.888845,Half1,1875.0,punt,0.11115497,21.0,0.0
136741,2019-12-22,128.0,PUNT,0.0,2019_16_CAR_IND,CAR,IND,CAR,38,6,0.0,0.0,0.35344067,Half1,3541.0,punt,0.64655936,40.0,0.0
136757,2019-12-22,511.0,PUNT,0.0,2019_16_CAR_IND,CAR,IND,CAR,38,6,13.0,0.0,0.19535452,Half1,3178.0,punt,0.8046455,84.0,1.0
136882,2019-12-22,3442.0,PUNT,0.0,2019_16_CAR_IND,CAR,IND,CAR,38,6,30.0,6.0,0.005708667,Half2,454.0,punt,0.9942913,71.0,1.0
137378,2019-12-22,1097.0,PUNT,0.0,2019_16_DET_DEN,DEN,DEN,DET,27,17,0.0,9.0,0.40025148,Half1,2470.0,punt,0.5997485,64.0,1.0
137662,2019-12-23,3779.0,PUNT,0.0,2019_16_GB_MIN,GB,MIN,GB,10,23,10.0,23.0,0.99767464,Half2,162.0,punt,0.002325356,23.0,0.0
138971,2019-12-22,775.0,PUNT,0.0,2019_16_PIT_NYJ,PIT,NYJ,PIT,16,10,7.0,0.0,0.24131702,Half1,2823.0,punt,0.75868297,20.0,0.0
142572,2020-01-04,1280.0,PUNT,0.0,2019_18_TEN_NE,TEN,NE,TEN,13,20,10.0,7.0,0.35395667,Half1,2293.0,punt,0.6460433,23.0,0.0
143421,2020-01-19,595.0,PUNT,0.0,2019_20_GB_SF,GB,SF,GB,37,20,7.0,0.0,0.23567854,Half1,2851.0,punt,0.76432145,26.0,0.0
144603,2020-09-13,3370.0,PUNT,0.0,2020_01_DAL_LA,LA,LA,DAL,20,17,20.0,17.0,0.6266638,Half2,931.0,punt,0.3733362,20.0,0.0
145278,2020-09-13,2783.0,PUNT,0.0,2020_01_LAC_CIN,LAC,CIN,LAC,13,16,10.0,6.0,0.24984427,Half2,1373.0,punt,0.75015575,22.0,0.0
145445,2020-09-13,2143.0,PUNT,0.0,2020_01_LV_CAR,CAR,CAR,LV,30,34,15.0,17.0,0.42166615,Half2,1675.0,punt,0.57833385,27.0,0.0
145731,2020-09-13,1155.0,PUNT,0.0,2020_01_NYJ_BUF,NYJ,BUF,NYJ,27,17,14.0,0.0,0.11424475,Half1,2700.0,punt,0.88575524,23.0,0.0
146115,2020-09-14,1146.0,PUNT,0.0,2020_01_PIT_NYG,PIT,NYG,PIT,16,26,10.0,3.0,0.23859012,Half1,2576.0,punt,0.7614099,20.0,0.0
148999,2020-09-20,3302.0,PUNT,0.0,2020_02_NE_SEA,NE,SEA,NE,35,30,28.0,23.0,0.17805415,Half2,549.0,punt,0.82194585,20.0,0.0
153310,2020-10-04,2623.0,PUNT,0.0,2020_04_BUF_LV,LV,LV,BUF,23,30,16.0,17.0,0.4354112,Half2,1057.0,punt,0.5645888,38.0,0.0
153488,2020-10-04,2736.0,PUNT,0.0,2020_04_CLE_DAL,CLE,DAL,CLE,38,49,14.0,38.0,0.99702555,Half2,1386.0,punt,0.0029744506,27.0,0.0
153710,2020-10-01,3216.0,PUNT,0.0,2020_04_DEN_NYJ,NYJ,NYJ,DEN,28,37,16.0,24.0,0.15521888,Half2,967.0,punt,0.8447811,41.0,0.0
153919,2020-10-04,3367.0,PUNT,0.0,2020_04_IND_CHI,CHI,CHI,IND,11,19,3.0,16.0,0.050067052,Half2,858.0,punt,0.94993293,21.0,0.0
154759,2020-10-04,1674.0,PUNT,0.0,2020_04_NO_DET,DET,DET,NO,29,35,14.0,21.0,0.21539561,Half1,1916.0,punt,0.7846044,22.0,0.0
155597,2020-10-13,876.0,PUNT,0.0,2020_05_BUF_TEN,BUF,TEN,BUF,42,16,7.0,7.0,0.35679176,Half1,2834.0,punt,0.64320827,40.0,0.0
158146,2020-10-18,745.0,PUNT,0.0,2020_06_ATL_MIN,MIN,MIN,ATL,23,40,0.0,10.0,0.19372948,Half1,2803.0,punt,0.80627054,24.0,0.0
159734,2020-10-19,329.0,PUNT,0.0,2020_06_KC_BUF,KC,BUF,KC,17,26,0.0,0.0,0.47000015,Half1,3322.0,punt,0.52999985,24.0,0.0
160136,2020-10-18,1612.0,PUNT,0.0,2020_06_NYJ_MIA,NYJ,MIA,NYJ,24,0,14.0,0.0,0.089029945,Half1,1972.0,punt,0.91097003,30.0,0.0
162208,2020-10-25,1711.0,PUNT,0.0,2020_07_PIT_TEN,TEN,TEN,PIT,24,27,7.0,17.0,0.19705984,Half1,1911.0,punt,0.80294013,57.0,0.0
163118,2020-11-01,1566.0,PUNT,0.0,2020_08_DAL_PHI,DAL,PHI,DAL,23,9,7.0,6.0,0.32090542,Half1,2005.0,punt,0.67909455,22.0,0.0
163480,2020-11-01,1473.0,PUNT,0.0,2020_08_LA_MIA,LA,MIA,LA,28,17,20.0,7.0,0.19153771,Half1,2343.0,punt,0.80846226,88.0,1.0
163658,2020-11-01,1107.0,PUNT,0.0,2020_08_LAC_DEN,DEN,DEN,LAC,31,30,3.0,0.0,0.59183073,Half1,2492.0,punt,0.40816927,30.0,0.0
164414,2020-11-01,2365.0,PUNT,0.0,2020_08_NO_CHI,CHI,CHI,NO,23,26,13.0,10.0,0.5947836,Half2,1568.0,punt,0.4052164,42.0,0.0
164883,2020-11-01,126.0,PUNT,0.0,2020_08_SF_SEA,SEA,SEA,SF,37,27,0.0,0.0,0.45431122,Half1,3506.0,punt,0.54568875,20.0,0.0
165834,2020-11-08,745.0,PUNT,0.0,2020_09_CHI_TEN,CHI,TEN,CHI,24,17,3.0,0.0,0.34213337,Half1,2863.0,punt,0.6578666,21.0,0.0
166234,2020-11-08,1326.0,PUNT,0.0,2020_09_DET_MIN,MIN,MIN,DET,34,20,13.0,3.0,0.84431577,Half1,2122.0,punt,0.15568423,21.0,0.0
167629,2020-11-08,1270.0,PUNT,0.0,2020_09_PIT_DAL,,DAL,PIT,19,24,10.0,0.0,0.14770386,Half1,2183.0,punt,0.8522961,73.0,0.0
168274,2020-11-15,3649.0,PUNT,0.0,2020_10_BUF_ARI,BUF,ARI,BUF,32,30,26.0,23.0,0.23262644,Half2,726.0,punt,0.76737356,23.0,0.0
168484,2020-11-15,3874.0,PUNT,0.0,2020_10_CIN_PIT,CIN,PIT,CIN,36,10,29.0,7.0,0.0018314926,Half2,807.0,punt,0.9981685,42.0,0.0
169097,2020-11-15,1246.0,PUNT,0.0,2020_10_JAX_GB,GB,GB,JAX,24,20,7.0,9.0,0.6187116,Half1,2425.0,punt,0.3812884,91.0,1.0
169295,2020-11-15,1767.0,PUNT,0.0,2020_10_LAC_MIA,LAC,MIA,LAC,29,21,14.0,7.0,0.14420164,Half1,1881.0,punt,0.85579836,20.0,0.0
169538,2020-11-16,3500.0,PUNT,0.0,2020_10_MIN_CHI,MIN,CHI,MIN,13,19,13.0,19.0,0.8096646,Half2,316.0,punt,0.1903354,32.0,0.0
169709,2020-11-15,3373.0,PUNT,0.0,2020_10_PHI_NYG,PHI,NYG,PHI,27,17,21.0,17.0,0.17913494,Half2,674.0,punt,0.82086504,20.0,0.0
171154,2020-11-22,3469.0,PUNT,0.0,2020_11_DAL_MIN,MIN,MIN,DAL,28,31,28.0,24.0,0.69219744,Half2,252.0,punt,0.30780256,20.0,0.0
173087,2020-11-29,2142.0,PUNT,0.0,2020_12_ARI_NE,ARI,NE,ARI,20,17,7.0,10.0,0.5877027,Half2,1620.0,punt,0.4122973,58.0,0.0
173436,2020-11-29,2354.0,PUNT,0.0,2020_12_CAR_MIN,MIN,MIN,CAR,28,27,10.0,21.0,0.16928081,Half2,1613.0,punt,0.8307192,20.0,0.0
175106,2020-11-29,3846.0,PUNT,0.0,2020_12_NYG_CIN,NYG,CIN,NYG,17,19,17.0,19.0,0.82624453,Half2,71.0,punt,0.17375547,29.0,0.0
175899,2020-12-07,1267.0,PUNT,0.0,2020_13_BUF_SF,SF,SF,BUF,24,34,7.0,7.0,0.5614476,Half1,2443.0,punt,0.43855238,22.0,0.0
177780,2020-12-06,870.0,PUNT,0.0,2020_13_NE_LAC,LAC,LAC,NE,0,45,0.0,13.0,0.31046617,Half1,2658.0,punt,0.6895338,70.0,1.0
177880,2020-12-06,3230.0,PUNT,0.0,2020_13_NE_LAC,LAC,LAC,NE,0,45,0.0,35.0,0.00012027081,Half2,824.0,punt,0.9998797,61.0,0.0
178420,2020-12-06,3092.0,PUNT,0.0,2020_13_PHI_GB,GB,GB,PHI,30,16,23.0,16.0,0.9672764,Half2,408.0,punt,0.032723606,73.0,1.0
178660,2020-12-13,335.0,PUNT,0.0,2020_14_ARI_NYG,NYG,NYG,ARI,7,26,0.0,0.0,0.41830423,Half1,3259.0,punt,0.5816958,24.0,0.0
178957,2020-12-13,3132.0,PUNT,0.0,2020_14_ATL_LAC,LAC,LAC,ATL,20,17,17.0,17.0,0.4404501,Half2,547.0,punt,0.5595499,20.0,0.0
179369,2020-12-13,288.0,PUNT,0.0,2020_14_DEN_CAR,CAR,CAR,DEN,27,32,0.0,6.0,0.5413867,Half1,3339.0,punt,0.45861328,83.0,1.0
180168,2020-12-13,2196.0,PUNT,0.0,2020_14_KC_MIA,MIA,MIA,KC,27,33,10.0,27.0,0.16170631,Half2,1684.0,punt,0.8382937,67.0,1.0
180569,2020-12-10,3050.0,PUNT,0.0,2020_14_NE_LA,LA,LA,NE,24,3,24.0,3.0,0.9968861,Half2,627.0,punt,0.0031139255,21.0,0.0
181323,2020-12-13,519.0,PUNT,0.0,2020_14_WAS_SF,SF,SF,WAS,15,23,0.0,0.0,0.48865053,Half1,3201.0,punt,0.51134944,22.0,0.0
182618,2020-12-20,1898.0,PUNT,0.0,2020_15_JAX_BAL,JAX,BAL,JAX,40,14,26.0,0.0,0.0037657698,Half1,1835.0,punt,0.99623424,20.0,0.0
183407,2020-12-20,3637.0,PUNT,0.0,2020_15_NYJ_LA,NYJ,LA,NYJ,20,23,20.0,23.0,0.60971946,Half2,347.0,punt,0.39028054,34.0,0.0
184321,2020-12-20,3162.0,PUNT,0.0,2020_15_TB_ATL,ATL,ATL,TB,27,31,24.0,21.0,0.6057899,Half2,877.0,punt,0.3942101,21.0,0.0
185521,2020-12-27,2319.0,PUNT,0.0,2020_16_DEN_LAC,LAC,LAC,DEN,19,16,13.0,0.0,0.9052208,Half2,1440.0,punt,0.09477919,21.0,0.0
185642,2020-12-27,820.0,PUNT,0.0,2020_16_IND_PIT,PIT,PIT,IND,28,24,0.0,7.0,0.28917187,Half1,2700.0,punt,0.7108281,26.0,0.0
185667,2020-12-27,1394.0,PUNT,0.0,2020_16_IND_PIT,PIT,PIT,IND,28,24,7.0,14.0,0.23889749,Half1,2102.0,punt,0.7611025,22.0,0.0
185982,2020-12-26,214.0,PUNT,0.0,2020_16_MIA_LV,MIA,LV,MIA,25,26,0.0,0.0,0.42391655,Half1,3396.0,punt,0.5760834,32.0,0.0
187020,2020-12-26,2547.0,PUNT,0.0,2020_16_TB_DET,TB,DET,TB,7,47,6.0,40.0,0.9982522,Half2,1478.0,punt,0.001747787,74.0,1.0
187732,2021-01-03,3224.0,PUNT,0.0,2020_17_BAL_CIN,BAL,CIN,BAL,3,38,3.0,38.0,0.9997837,Half2,367.0,punt,0.00021630526,28.0,0.0
187797,2021-01-03,1174.0,PUNT,0.0,2020_17_DAL_NYG,DAL,NYG,DAL,23,19,6.0,3.0,0.33641016,Half1,2515.0,punt,0.66358984,20.0,0.0
188522,2021-01-03,1983.0,PUNT,0.0,2020_17_LV_DEN,DEN,DEN,LV,31,32,10.0,10.0,0.5422896,Half1,1912.0,punt,0.4577104,21.0,0.0
188707,2021-01-03,1586.0,PUNT,0.0,2020_17_MIA_BUF,MIA,BUF,MIA,56,26,20.0,3.0,0.15214232,Half1,2144.0,punt,0.8478577,84.0,1.0
189642,2021-01-03,2235.0,PUNT,0.0,2020_17_SEA_SF,SEA,SF,SEA,23,26,6.0,6.0,0.37456393,Half2,1419.0,punt,0.62543607,21.0,0.0
189991,2021-01-03,1653.0,PUNT,0.0,2020_17_WAS_PHI,PHI,PHI,WAS,14,20,14.0,10.0,0.58956045,Half1,1897.0,punt,0.41043955,20.0,0.0
191700,2021-01-17,136.0,PUNT,0.0,2020_19_TB_NO,TB,NO,TB,20,30,0.0,0.0,0.3893794,Half1,3516.0,punt,0.6106206,54.0,0.0
192627,2021-09-13,643.0,PUNT,0.0,2021_01_BAL_LV,LV,LV,BAL,33,27,0.0,0.0,0.46454927,Half1,2999.0,punt,0.5354507,22.0,0.0
192708,2021-09-13,2479.0,PUNT,0.0,2021_01_BAL_LV,LV,LV,BAL,33,27,10.0,14.0,0.27340218,Half2,1563.0,punt,0.7265978,30.0,0.0
195517,2021-09-19,114.0,PUNT,0.0,2021_02_BUF_MIA,MIA,MIA,BUF,0,35,0.0,0.0,0.45431122,Half1,3480.0,punt,0.54568875,20.0,0.0
196165,2021-09-19,2909.0,PUNT,0.0,2021_02_DEN_JAX,JAX,JAX,DEN,13,23,7.0,20.0,0.04841681,Half2,915.0,punt,0.9515832,25.0,0.0
198153,2021-09-26,364.0,PUNT,0.0,2021_03_ARI_JAX,JAX,JAX,ARI,19,31,0.0,0.0,0.4710029,Half1,3321.0,punt,0.52899706,27.0,0.0
198551,2021-09-26,1498.0,PUNT,0.0,2021_03_BAL_DET,DET,DET,BAL,17,19,0.0,3.0,0.36304036,Half1,2228.0,punt,0.6369597,29.0,0.0
198924,2021-09-26,2126.0,PUNT,0.0,2021_03_CHI_CLE,CHI,CLE,CHI,26,6,10.0,3.0,0.18551904,Half2,1752.0,punt,0.81448096,23.0,0.0
198985,2021-09-26,3510.0,PUNT,0.0,2021_03_CHI_CLE,CHI,CLE,CHI,26,6,23.0,6.0,0.010319276,Half2,570.0,punt,0.9896807,24.0,0.0
199964,2021-09-26,224.0,PUNT,0.0,2021_03_NO_NE,NE,NE,NO,13,28,0.0,0.0,0.57158923,Half1,3468.0,punt,0.42841077,25.0,0.0
201279,2021-10-03,1891.0,PUNT,0.0,2021_04_BAL_DEN,DEN,DEN,BAL,7,23,7.0,14.0,0.21361913,Half1,1848.0,punt,0.7863809,42.0,0.0
201893,2021-10-03,3615.0,PUNT,0.0,2021_04_DET_CHI,CHI,CHI,DET,24,14,24.0,14.0,0.9150345,Half2,464.0,punt,0.08496553,22.0,0.0
202906,2021-10-03,3198.0,PUNT,0.0,2021_04_NYG_NO,NO,NO,NYG,21,27,21.0,10.0,0.9535579,Half2,434.0,punt,0.04644209,26.0,0.0
203514,2021-10-03,647.0,PUNT,0.0,2021_04_TEN_NYJ,NYJ,NYJ,TEN,27,24,0.0,3.0,0.36778507,Half1,2956.0,punt,0.6322149,22.0,0.0
204182,2021-10-10,2152.0,PUNT,1.0,2021_05_CHI_LV,LV,LV,CHI,9,20,3.0,14.0,0.1695282,Half2,1730.0,punt,0.8304718,21.0,0.0
206297,2021-10-10,1085.0,PUNT,0.0,2021_05_PHI_CAR,PHI,CAR,PHI,18,21,10.0,3.0,0.21760544,Half1,2736.0,punt,0.7823945,22.0,0.0
206355,2021-10-10,2463.0,PUNT,0.0,2021_05_PHI_CAR,CAR,CAR,PHI,18,21,15.0,6.0,0.81124157,Half2,1667.0,punt,0.18875843,22.0,0.0
206895,2021-10-17,2787.0,PUNT,0.0,2021_06_ARI_CLE,ARI,CLE,ARI,14,37,14.0,23.0,0.8063057,Half2,1506.0,punt,0.1936943,21.0,0.0
207408,2021-10-17,2257.0,PUNT,0.0,2021_06_DAL_NE,DAL,NE,DAL,29,35,14.0,10.0,0.25786287,Half2,1592.0,punt,0.74213713,23.0,0.0
207886,2021-10-17,994.0,PUNT,0.0,2021_06_KC_WAS,WAS,WAS,KC,13,31,3.0,7.0,0.30293748,Half1,2632.0,punt,0.6970625,31.0,0.0
207972,2021-10-17,3129.0,PUNT,0.0,2021_06_KC_WAS,WAS,WAS,KC,13,31,13.0,17.0,0.29034477,Half2,1072.0,punt,0.7096552,25.0,0.0
209680,2021-10-24,128.0,PUNT,0.0,2021_07_CHI_TB,CHI,TB,CHI,38,3,0.0,0.0,0.35344067,Half1,3484.0,punt,0.64655936,43.0,0.0
209901,2021-10-24,1094.0,PUNT,0.0,2021_07_CIN_BAL,CIN,BAL,CIN,17,41,3.0,3.0,0.40415457,Half1,2515.0,punt,0.59584546,21.0,0.0
210400,2021-10-24,393.0,PUNT,0.0,2021_07_HOU_ARI,ARI,ARI,HOU,31,5,0.0,0.0,0.48014095,Half1,3217.0,punt,0.5198591,20.0,0.0
212417,2021-10-31,2427.0,PUNT,0.0,2021_08_JAX_SEA,JAX,SEA,JAX,31,7,24.0,0.0,0.004732318,Half2,1328.0,punt,0.9952677,20.0,0.0
212885,2021-10-31,710.0,PUNT,0.0,2021_08_NE_LAC,LAC,LAC,NE,24,27,7.0,7.0,0.49344638,Half1,2875.0,punt,0.50655365,21.0,0.0
212914,2021-10-31,1378.0,PUNT,0.0,2021_08_NE_LAC,LAC,LAC,NE,24,27,14.0,7.0,0.63896775,Half1,2224.0,punt,0.36103225,22.0,0.0
212962,2021-10-31,2477.0,PUNT,0.0,2021_08_NE_LAC,LAC,LAC,NE,24,27,14.0,13.0,0.5765992,Half2,1441.0,punt,0.42340082,27.0,0.0
213700,2021-10-31,2912.0,PUNT,0.0,2021_08_SF_CHI,CHI,CHI,SF,22,33,16.0,15.0,0.5710472,Half2,1031.0,punt,0.4289528,21.0,0.0
214433,2021-11-07,3253.0,PUNT,0.0,2021_09_ARI_SF,ARI,SF,ARI,17,31,14.0,31.0,0.97684014,Half2,671.0,punt,0.023159862,27.0,0.0
214638,2021-11-07,4101.0,PUNT,0.0,2021_09_ATL_NO,ATL,NO,ATL,25,27,19.0,24.0,0.7288337,Half2,179.0,punt,0.27116632,26.0,0.0
217192,2021-11-14,834.0,PUNT,0.0,2021_10_BUF_NYJ,NYJ,NYJ,BUF,17,45,0.0,10.0,0.19611669,Half1,2918.0,punt,0.8038833,26.0,0.0
217710,2021-11-14,992.0,PUNT,0.0,2021_10_DET_PIT,PIT,PIT,DET,16,16,7.0,0.0,0.67903763,Half1,2667.0,punt,0.32096237,48.0,0.0
218097,2021-11-14,769.0,PUNT,0.0,2021_10_KC_LV,LV,LV,KC,14,41,0.0,7.0,0.32496205,Half1,2745.0,punt,0.675038,37.0,0.0
218416,2021-11-14,290.0,PUNT,0.0,2021_10_MIN_LAC,LAC,LAC,MIN,20,27,0.0,0.0,0.5388197,Half1,3291.0,punt,0.46118033,45.0,0.0
222471,2021-11-25,1414.0,PUNT,0.0,2021_12_CHI_DET,DET,DET,CHI,14,16,7.0,3.0,0.7380005,Half1,2136.0,punt,0.2619995,22.0,0.0
222625,2021-11-28,1158.0,PUNT,0.0,2021_12_CLE_BAL,CLE,BAL,CLE,16,10,3.0,0.0,0.27251944,Half1,2566.0,punt,0.72748053,22.0,0.0
223132,2021-11-25,122.0,PUNT,0.0,2021_12_LV_DAL,DAL,DAL,LV,33,36,0.0,0.0,0.501189,Half1,3495.0,punt,0.498811,21.0,0.0
226387,2021-12-05,1548.0,PUNT,0.0,2021_13_PHI_NYJ,NYJ,NYJ,PHI,18,33,18.0,21.0,0.32450476,Half1,1942.0,punt,0.67549527,20.0,0.0
226535,2021-12-05,1101.0,PUNT,0.0,2021_13_SF_SEA,SEA,SEA,SF,30,23,7.0,14.0,0.2488806,Half1,2700.0,punt,0.7511194,22.0,0.0
227616,2021-12-12,299.0,PUNT,0.0,2021_14_CHI_GB,GB,GB,CHI,45,30,0.0,0.0,0.54606485,Half1,3262.0,punt,0.45393515,34.0,0.0
227678,2021-12-12,1759.0,PUNT,0.0,2021_14_CHI_GB,GB,GB,CHI,45,30,14.0,23.0,0.4425503,Half1,1914.0,punt,0.5574497,97.0,1.0
228711,2021-12-12,1002.0,PUNT,0.0,2021_14_NO_NYJ,NO,NYJ,NO,9,30,0.0,3.0,0.5896511,Half1,2604.0,punt,0.4103489,28.0,0.0
229371,2021-12-12,3117.0,PUNT,0.0,2021_14_SEA_HOU,HOU,HOU,SEA,13,33,13.0,19.0,0.20534627,Half2,711.0,punt,0.7946537,22.0,0.0
229936,2021-12-19,3175.0,PUNT,0.0,2021_15_ATL_SF,,SF,ATL,31,13,31.0,13.0,0.9903138,Half2,588.0,punt,0.009686172,23.0,0.0
230801,2021-12-19,2707.0,PUNT,0.0,2021_15_HOU_JAX,,JAX,HOU,16,30,13.0,23.0,0.8212673,Half2,1133.0,punt,0.1787327,48.0,0.0
231060,2021-12-20,219.0,PUNT,0.0,2021_15_LV_CLE,CLE,CLE,LV,14,16,0.0,0.0,0.48805323,Half1,3366.0,punt,0.5119468,29.0,0.0
231093,2021-12-20,1059.0,PUNT,0.0,2021_15_LV_CLE,LV,CLE,LV,14,16,0.0,7.0,0.69977576,Half1,2569.0,punt,0.30022424,20.0,0.0
231621,2021-12-19,766.0,PUNT,0.0,2021_15_NO_TB,,TB,NO,0,9,0.0,3.0,0.47264323,Half1,2942.0,punt,0.52735674,34.0,0.0
232123,2021-12-19,347.0,PUNT,0.0,2021_15_TEN_PIT,,PIT,TEN,19,13,0.0,0.0,0.4986434,Half1,3329.0,punt,0.5013566,55.0,0.0
232854,2021-12-26,972.0,PUNT,0.0,2021_16_CHI_SEA,SEA,SEA,CHI,24,25,7.0,0.0,0.6441189,Half1,2633.0,punt,0.3558811,28.0,0.0
233541,2021-12-25,2288.0,PUNT,0.0,2021_16_IND_ARI,IND,ARI,IND,16,22,6.0,12.0,0.7116221,Half2,1650.0,punt,0.28837788,48.0,0.0
233914,2021-12-26,2568.0,PUNT,0.0,2021_16_LA_MIN,MIN,MIN,LA,23,30,10.0,19.0,0.35968894,Half2,1342.0,punt,0.64031106,61.0,1.0
234421,2021-12-26,2496.0,PUNT,0.0,2021_16_NYG_PHI,NYG,PHI,NYG,34,10,10.0,3.0,0.17826015,Half2,1502.0,punt,0.82173985,39.0,0.0
234679,2021-12-26,3997.0,PUNT,0.0,2021_16_PIT_KC,KC,KC,PIT,36,10,36.0,10.0,0.99987376,Half2,148.0,punt,0.00012624264,20.0,0.0
234951,2021-12-26,2222.0,PUNT,0.0,2021_16_TB_CAR,CAR,CAR,TB,6,32,6.0,19.0,0.088432774,Half2,1663.0,punt,0.9115672,20.0,0.0
235065,2021-12-26,658.0,PUNT,0.0,2021_16_WAS_DAL,WAS,DAL,WAS,56,14,7.0,0.0,0.27996972,Half1,3082.0,punt,0.7200303,21.0,0.0
236635,2022-01-02,577.0,PUNT,0.0,2021_17_KC_CIN,CIN,CIN,KC,34,31,0.0,7.0,0.373063,Half1,3113.0,punt,0.62693703,29.0,0.0
236992,2022-01-02,660.0,PUNT,0.0,2021_17_LV_IND,IND,IND,LV,20,23,0.0,7.0,0.35451648,Half1,2877.0,punt,0.6454835,41.0,0.0
237387,2022-01-02,2097.0,PUNT,0.0,2021_17_MIN_GB,MIN,GB,MIN,37,10,20.0,3.0,0.053397425,Half2,1712.0,punt,0.9466026,21.0,0.0
238757,2022-01-09,1929.0,PUNT,0.0,2021_18_GB_DET,DET,DET,GB,37,30,17.0,13.0,0.61872834,Half2,1785.0,punt,0.38127166,23.0,0.0
240063,2022-01-09,3133.0,PUNT,0.0,2021_18_PIT_BAL,BAL,BAL,PIT,13,16,10.0,6.0,0.6854381,Half2,499.0,punt,0.3145619,23.0,0.0
240360,2022-01-09,1063.0,PUNT,0.0,2021_18_SF_LA,SF,LA,SF,24,27,10.0,0.0,0.13728641,Half1,2308.0,punt,0.8627136,31.0,0.0
241308,2022-01-15,3170.0,PUNT,0.0,2021_19_NE_BUF,NE,BUF,NE,47,17,40.0,10.0,7.2110066e-05,Half2,632.0,punt,0.9999279,52.0,0.0
241479,2022-01-16,3334.0,PUNT,0.0,2021_19_PHI_TB,TB,TB,PHI,31,15,31.0,0.0,0.99982786,Half2,784.0,punt,0.00017213821,31.0,0.0
241526,2022-01-16,118.0,PUNT,0.0,2021_19_PIT_KC,PIT,KC,PIT,42,21,0.0,0.0,0.35344067,Half1,3512.0,punt,0.64655936,21.0,0.0
241543,2022-01-16,499.0,PUNT,0.0,2021_19_PIT_KC,PIT,KC,PIT,42,21,0.0,0.0,0.3379735,Half1,3106.0,punt,0.6620265,48.0,0.0
242025,2022-01-23,3078.0,PUNT,0.0,2021_20_BUF_KC,BUF,KC,BUF,42,36,23.0,21.0,0.27267495,Half2,704.0,punt,0.7273251,45.0,0.0
242300,2022-01-23,1208.0,PUNT,0.0,2021_20_LA_TB,TB,TB,LA,27,30,3.0,17.0,0.13366272,Half1,2610.0,punt,0.8663373,21.0,0.0
242354,2022-01-23,2481.0,PUNT,0.0,2021_20_LA_TB,TB,TB,LA,27,30,3.0,20.0,0.041715167,Half2,1539.0,punt,0.95828485,33.0,0.0
242983,2022-02-13,633.0,PUNT,0.0,2021_22_LA_CIN,LA,CIN,LA,20,23,0.0,7.0,0.65873283,Half1,2843.0,punt,0.34126717,20.0,0.0
