,Game Date,Play ID,Play Type,Play Type NFL,Punt Inside Twenty,Possession Team,Home Team,Away Team,Home Score,Away Score,Total Home Score,Total Away Score,Win Percentage,Defensive Win Percentage,Game Hald,Return Yards,Return Touchdown,Game Seconds Remaining,Game ID,Return Team,Score on resulting drive,# of Plays on Resulting Drive,Yards on Resulting Drive,Points Scored off Return/Resulting Drive,Drive After Return Length (Seconds),Return Team Possessions Before Return,Return Team Possession After Return,Yards Per Play on Resulting Drive,score differential before ret (ret - punt),ret team winning before ret,Return Team Won,Points scored by ret team after ret,points scored by punt team after ret,time expired on next drive,time left after drive after ret,ret team points before ret,punt team points before ret,ret team final points,punt team final points,score difference at punt (ret-punt),final score difference. (ret-punt),score difference change from (final - at punt),points per drive before ret,points per drive after ret,time to score each point after ret,time to score each point on next poss after ret (seconds),Sub 32 degrees/15 mph wind?,Degree of Precipitation
142,2017-09-10,3428,punt,PUNT,0,ARI,DET,ARI,35,23,15,17,0.56113213,0.43886787,Half2,24,0,869,2017_01_ARI_DET,DET,1,10,67,6,289,10,3,6.7,-2,-1,1,20,6,0,580,15,17,35,23,-2,12,14,1.5,6.666666667,43.45,48.16666667,0,0
932,2017-09-10,1376,punt,PUNT,0,JAX,HOU,JAX,7,29,0,6,0.6205539,0.3794461,Half1,21,0,2331,2017_01_JAX_HOU,HOU,0,3,15,0,66,4,7,5,-6,-1,-1,7,23,0,2265,0,6,7,29,-6,-22,-16,0,1,333,#DIV/0!,0,0
1312,2017-09-11,1262,punt,PUNT,0,LAC,DEN,LAC,24,21,7,7,0.39457574,0.6054243,Half1,31,0,2420,2017_01_LAC_DEN,DEN,1,9,56,7,278,3,9,6.222222222,0,0,1,17,14,0,2142,7,7,24,21,0,3,3,2.333333333,1.888888889,142.3529412,39.71428571,0,0
1912,2017-09-10,3678,punt,PUNT,0,BUF,BUF,NYJ,21,12,21,12,0.88663703,0.11336297,Half2,25,0,466,2017_01_NYJ_BUF,NYJ,0,3,2,0,58,9,3,0.6666666667,-9,-1,-1,0,0,0,408,12,21,12,21,-9,-9,0,1.333333333,0,#DIV/0!,#DIV/0!,0,0
2361,2017-09-10,1580,punt,PUNT,0,PIT,CLE,PIT,18,21,7,7,0.43148053,0.5685195,Half1,25,0,2130,2017_01_PIT_CLE,CLE,0,3,4,0,86,4,6,1.333333333,0,0,-1,11,14,0,2044,7,7,18,21,0,-3,-3,1.75,1.833333333,193.6363636,#DIV/0!,0,0
3417,2017-09-17,1622,punt,PUNT,0,DAL,DEN,DAL,42,17,14,7,0.17527275,0.82472724,Half1,20,0,2076,2017_02_DAL_DEN,DEN,1,8,51,7,162,4,8,6.375,7,1,1,28,10,0,1914,14,7,42,17,7,25,18,3.5,3.5,74.14285714,23.14285714,0,0
3659,2017-09-18,2722,punt,PUNT,0,NYG,NYG,DET,10,24,10,23,0.14083874,0.85916126,Half2,88,1,797,2017_02_DET_NYG,DET,0,3,4,7,134,3,7,1.333333333,13,1,1,1,0,0,663,23,10,24,10,13,14,1,7.666666667,0.1428571429,797,19.14285714,0,0
3889,2017-09-14,124,punt,PUNT,0,HOU,CIN,HOU,9,13,0,0,0.35760528,0.6423947,Half1,33,0,3554,2017_02_HOU_CIN,CIN,0,4,-7,0,119,0,13,-1.75,0,0,-1,9,13,0,3435,0,0,9,13,0,-4,-4,#DIV/0!,0.6923076923,394.8888889,#DIV/0!,0,0
3911,2017-09-14,673,punt,PUNT,0,HOU,CIN,HOU,9,13,0,0,0.34696323,0.6530368,Half1,26,0,3028,2017_02_HOU_CIN,CIN,0,1,7,0,41,2,11,7,0,0,-1,9,13,0,2987,0,0,9,13,0,-4,-4,0,0.8181818182,336.4444444,#DIV/0!,0,0
4095,2017-09-17,735,punt,PUNT,0,MIA,LAC,MIA,17,19,0,3,0.55264133,0.44735867,Half1,23,0,2791,2017_02_MIA_LAC,LAC,1,6,23,3,156,2,6,3.833333333,-3,-1,-1,17,16,0,2635,0,3,17,19,-3,-2,1,0,2.833333333,164.1764706,52,0,0
5007,2017-09-17,1366,punt,PUNT,0,SEA,SEA,SF,12,9,6,0,0.6420467,0.3579533,Half1,21,0,2398,2017_02_SF_SEA,SF,0,4,17,0,120,3,8,4.25,-6,-1,-1,9,6,0,2278,0,6,9,12,-6,-3,3,0,1.125,266.4444444,#DIV/0!,0,1
5233,2017-09-17,2499,punt,PUNT,0,JAX,JAX,TEN,16,37,3,9,0.21691199,0.783088,Half2,46,0,1359,2017_02_TEN_JAX,TEN,1,2,34,7,46,7,4,17,6,1,1,28,13,0,1313,9,3,37,16,6,21,15,1.285714286,7,48.53571429,6.571428571,0,0
5569,2017-09-24,2162,punt,PUNT,0,DET,DET,ATL,26,30,13,20,0.22118329,0.7788167,Half2,27,0,1725,2017_03_ATL_DET,ATL,1,5,19,3,115,5,6,3.8,7,1,1,10,13,0,1610,20,13,30,26,7,4,-3,4,1.666666667,172.5,38.33333333,0,0
5874,2017-09-24,726,punt,PUNT,0,CIN,GB,CIN,27,24,7,7,0.38549477,0.61450523,Half1,33,0,2921,2017_03_CIN_GB,GB,0,3,-7,0,83,1,11,-2.333333333,0,0,1,20,17,0,2838,7,7,27,24,0,3,3,7,1.818181818,146.05,#DIV/0!,0,0
5949,2017-09-24,2407,punt,PUNT,0,GB,GB,CIN,27,24,14,21,0.21046437,0.78953564,Half2,20,0,1236,2017_03_CIN_GB,CIN,0,6,17,0,162,5,4,2.833333333,7,1,-1,3,13,0,1074,21,14,24,27,7,-3,-10,4.2,0.75,412,#DIV/0!,0,0
6293,2017-09-25,1548,punt,PUNT,0,ARI,ARI,DAL,17,28,7,0,0.6619669,0.33803308,Half1,21,0,1955,2017_03_DAL_ARI,DAL,1,3,33,7,70,3,8,11,-7,-1,1,28,10,0,1885,0,7,28,17,-7,11,18,0,3.5,69.82142857,10,0,0
6614,2017-09-24,121,punt,PUNT,0,HOU,NE,HOU,36,33,0,0,0.3466623,0.6533377,Half1,33,0,3525,2017_03_HOU_NE,NE,1,7,51,7,179,0,12,7.285714286,0,0,1,36,33,0,3346,0,0,36,33,0,3,3,#DIV/0!,3,97.91666667,25.57142857,0,0
6701,2017-09-24,2103,punt,PUNT,0,HOU,NE,HOU,36,33,21,20,0.39205194,0.60794806,Half1,20,0,1873,2017_03_HOU_NE,NE,0,4,16,0,62,7,5,4,1,1,1,15,13,1,1811,21,20,36,33,1,3,2,3,3,124.8666667,#DIV/0!,0,0
8122,2017-09-24,1906,punt,PUNT,0,SEA,TEN,SEA,33,27,6,0,0.24251816,0.7574818,Half1,22,0,2028,2017_03_SEA_TEN,TEN,0,3,6,0,85,6,8,2,6,1,1,27,27,0,1943,6,0,33,27,6,6,0,1,3.375,75.11111111,#DIV/0!,0,0
8959,2017-10-01,595,punt,PUNT,0,CLE,CLE,CIN,7,31,0,0,0.45458785,0.5454122,Half1,40,0,3032,2017_04_CIN_CLE,CIN,1,9,35,7,321,2,8,3.888888889,0,0,1,31,7,0,2711,0,0,31,7,0,24,24,0,3.875,97.80645161,45.85714286,0,0
10312,2017-10-01,2387,punt,PUNT,0,OAK,DEN,LV,16,10,13,7,0.1712744,0.8287256,Half2,29,0,1346,2017_04_OAK_DEN,DEN,1,5,3,3,127,7,4,0.6,6,1,1,3,3,0,1219,13,7,16,10,6,6,0,1.857142857,0.75,448.6666667,42.33333333,1,0
11351,2017-10-08,554,punt,PUNT,0,ARI,PHI,ARI,34,7,7,0,0.21315813,0.78684187,Half1,76,0,3044,2017_05_ARI_PHI,PHI,1,3,15,7,90,1,9,5,7,1,1,27,7,0,2954,7,0,34,7,7,27,20,7,3,112.7407407,12.85714286,0,1
11812,2017-10-08,3533,punt,PUNT,0,CIN,CIN,BUF,20,16,17,13,0.6391709,0.36082911,Half2,40,0,652,2017_05_BUF_CIN,BUF,1,4,2,3,98,11,2,0.5,-4,-1,-1,3,3,0,554,13,17,16,20,-4,-4,0,1.181818182,1.5,217.3333333,32.66666667,0,2
12522,2017-10-08,3430,punt,PUNT,0,HOU,HOU,KC,34,42,20,38,0.042438928,0.9575611,Half2,82,1,461,2017_05_KC_HOU,KC,0,4,24,7,118,8,3,6,18,1,1,4,14,0,343,38,20,42,34,18,8,-10,4.75,1.333333333,115.25,16.85714286,0,0
12538,2017-10-08,3796,punt,PUNT,0,KC,HOU,KC,34,42,20,39,0.999114,0.00088602304,Half2,49,0,221,2017_05_KC_HOU,HOU,1,3,37,7,24,10,2,12.33333333,-19,-1,-1,14,3,0,197,20,39,34,42,-19,-8,11,2,7,15.78571429,3.428571429,0,0
12850,2017-10-09,2013,punt,PUNT,0,CHI,CHI,MIN,17,20,2,3,0.43555835,0.5644417,Half1,21,0,1838,2017_05_MIN_CHI,MIN,0,3,11,0,25,6,5,3.666666667,1,1,1,17,15,1,1813,3,2,20,17,1,3,2,0.5,3.4,108.1176471,#DIV/0!,0,0
13034,2017-10-05,1900,punt,PUNT,0,TB,TB,NE,14,19,7,10,0.41096887,0.5890311,Half1,40,0,1948,2017_05_NE_TB,NE,1,7,22,3,93,5,6,3.142857143,3,1,1,9,7,0,1855,10,7,19,14,3,5,2,2,1.5,216.4444444,31,0,0
13992,2017-10-15,2404,punt,PUNT,0,BAL,BAL,CHI,24,27,3,10,0.22408769,0.7759123,Half2,21,0,1498,2017_06_CHI_BAL,CHI,1,7,66,7,221,7,9,9.428571429,7,1,1,17,21,0,1277,10,3,27,24,7,3,-4,1.428571429,1.888888889,88.11764706,31.57142857,0,0
14064,2017-10-15,4103,punt,PUNT,0,CHI,BAL,CHI,24,27,22,24,0.96500665,0.03499335,Half2,77,1,115,2017_06_CHI_BAL,BAL,0,1,16,7,12,13,2,16,-2,-1,-1,2,3,1,103,22,24,24,27,-2,-3,-1,1.692307692,1,57.5,1.714285714,0,0
14175,2017-10-15,1873,punt,PUNT,0,CLE,HOU,CLE,33,17,24,3,0.043774467,0.9562255,Half1,20,0,1967,2017_06_CLE_HOU,HOU,0,3,-8,0,51,5,7,-2.666666667,21,1,1,9,14,0,1916,24,3,33,17,21,16,-5,4.8,1.285714286,218.5555556,#DIV/0!,0,0
14430,2017-10-15,3759,punt,PUNT,0,NO,NO,DET,52,38,45,24,0.9838769,0.016123116,Half2,26,0,900,2017_06_DET_NO,DET,0,3,-11,0,58,11,7,-3.666666667,-21,-1,-1,14,7,0,842,24,45,38,52,-21,-14,7,2.181818182,2,64.28571429,#DIV/0!,0,0
14441,2017-10-15,4024,punt,PUNT,0,NO,NO,DET,52,38,45,30,0.9958016,0.0041983724,Half2,74,1,675,2017_06_DET_NO,DET,0,5,21,7,94,12,5,4.2,-15,-1,-1,8,7,0,581,30,45,38,52,-15,-14,1,2.5,1.6,84.375,13.42857143,0,0
15649,2017-10-15,2441,punt,PUNT,0,DEN,DEN,NYG,10,23,3,17,0.10064296,0.899357,Half2,20,0,1564,2017_06_NYG_DEN,NYG,1,6,30,3,165,6,5,5,14,1,1,6,7,0,1399,17,3,23,10,14,13,-1,2.833333333,1.2,260.6666667,55,0,0
15772,2017-10-12,1181,punt,PUNT,0,PHI,CAR,PHI,23,28,3,3,0.32648137,0.67351866,Half1,25,0,2568,2017_06_PHI_CAR,CAR,1,4,43,7,119,3,10,10.75,0,0,-1,20,25,0,2449,3,3,23,28,0,-5,-5,1,2,128.4,17,0,0
16062,2017-10-15,3497,punt,PUNT,0,PIT,KC,PIT,13,19,13,19,0.94033855,0.059661448,Half2,32,0,119,2017_06_PIT_KC,KC,0,6,8,0,50,8,1,1.333333333,-6,-1,-1,0,0,0,69,13,19,13,19,-6,-6,0,1.625,0,#DIV/0!,#DIV/0!,0,0
16193,2017-10-15,2951,punt,PUNT,0,WAS,WAS,SF,26,24,17,10,0.7957632,0.2042368,Half2,39,0,1349,2017_06_SF_WAS,SF,0,7,22,0,230,7,5,3.142857143,-7,-1,-1,14,9,0,1119,10,17,24,26,-7,-2,5,1.428571429,2.8,96.35714286,#DIV/0!,0,0
16498,2017-10-22,747,punt,PUNT,0,ARI,LA,ARI,33,0,3,0,0.31666982,0.6833302,Half1,20,0,2835,2017_07_ARI_LA,LA,0,3,4,0,82,1,9,1.333333333,3,1,1,30,0,0,2753,3,0,33,0,3,33,30,3,3.333333333,94.5,#DIV/0!,0,2
16817,2017-10-22,113,punt,PUNT,0,BAL,MIN,BAL,24,16,0,0,0.34368557,0.65631443,Half1,46,0,3488,2017_07_BAL_MIN,MIN,0,1,0,0,12,0,9,0,0,0,1,24,16,0,3476,0,0,24,16,0,8,8,#DIV/0!,2.666666667,145.3333333,#DIV/0!,0,0
17517,2017-10-22,487,punt,PUNT,0,DEN,LAC,DEN,21,0,6,0,0.36597672,0.6340233,Half1,65,1,3164,2017_07_DEN_LAC,LAC,0,3,-4,7,97,1,11,-1.333333333,6,1,1,15,0,0,3067,6,0,21,0,6,21,15,6,1.363636364,210.9333333,13.85714286,0,0
17535,2017-10-22,879,punt,PUNT,0,DEN,LAC,DEN,21,0,7,0,0.21757537,0.7824246,Half1,20,0,2780,2017_07_DEN_LAC,LAC,0,3,-14,0,68,3,9,-4.666666667,7,1,1,14,0,0,2712,7,0,21,0,7,21,14,2.333333333,1.555555556,198.5714286,#DIV/0!,0,0
18971,2017-10-23,509,punt,PUNT,0,WAS,PHI,WAS,34,24,0,3,0.47410896,0.52589107,Half1,22,0,3120,2017_07_WAS_PHI,PHI,0,3,-6,0,101,1,10,-2,-3,-1,1,34,21,0,3019,0,3,34,24,-3,10,13,0,3.4,91.76470588,#DIV/0!,0,0
20233,2017-10-29,631,punt,PUNT,0,IND,CIN,IND,24,23,3,0,0.24707335,0.75292665,Half1,29,0,2967,2017_08_IND_CIN,CIN,0,5,20,0,155,1,8,4,3,1,1,21,23,0,2812,3,0,24,23,3,1,-2,3,2.625,141.2857143,#DIV/0!,0,0
20259,2017-10-29,1275,punt,PUNT,0,CIN,CIN,IND,24,23,3,3,0.5291983,0.4708017,Half1,20,0,2510,2017_08_IND_CIN,IND,1,7,48,7,203,5,8,6.857142857,0,0,-1,20,21,0,2307,3,3,23,24,0,-1,-1,0.6,2.5,125.5,29,0,0
22334,2017-11-05,2817,punt,PUNT,0,CIN,JAX,CIN,23,7,22,7,0.087642446,0.91235757,Half2,63,1,894,2017_09_CIN_JAX,JAX,0,6,21,7,135,6,2,3.5,15,1,1,1,0,0,759,22,7,23,7,15,16,1,3.666666667,0.5,894,19.28571429,0,0
22428,2017-11-05,1253,punt,PUNT,0,PHI,PHI,DEN,51,23,17,3,0.89180297,0.10819703,Half1,44,0,2541,2017_09_DEN_PHI,DEN,1,4,8,3,60,4,7,2,-14,-1,-1,20,34,0,2481,3,17,23,51,-14,-28,-14,0.75,2.857142857,127.05,20,0,0
23202,2017-11-05,2720,punt,PUNT,0,NYG,NYG,LA,17,51,10,34,0.0055261636,0.9944738,Half2,30,0,1393,2017_09_LA_NYG,LA,1,4,45,7,90,7,5,11.25,24,1,1,17,7,0,1303,34,10,51,17,24,34,10,4.857142857,3.4,81.94117647,12.85714286,0,1
23638,2017-11-05,870,punt,PUNT,0,WAS,SEA,WAS,14,17,2,0,0.29303232,0.7069677,Half1,21,0,2826,2017_09_WAS_SEA,SEA,0,3,6,0,88,3,11,2,2,1,-1,12,17,0,2738,2,0,14,17,2,-3,-5,0.6666666667,1.090909091,235.5,#DIV/0!,0,1
23896,2017-11-12,2185,punt,PUNT,0,TEN,TEN,CIN,24,20,17,13,0.61872834,0.38127166,Half2,23,0,1748,2017_10_CIN_TEN,CIN,0,3,-14,0,52,6,6,-4.666666667,-4,-1,-1,7,7,0,1696,13,17,20,24,-4,-4,0,2.166666667,1.166666667,249.7142857,#DIV/0!,0,0
24142,2017-11-12,3447,punt,PUNT,0,CLE,DET,CLE,38,24,31,24,0.08513139,0.9148686,Half2,29,0,332,2017_10_CLE_DET,DET,1,3,44,7,49,9,1,14.66666667,7,1,1,7,0,0,283,31,24,38,24,7,14,7,3.444444444,7,47.42857143,7,0,0
24660,2017-11-12,3163,punt,PUNT,0,HOU,LA,HOU,33,7,16,7,0.1095544,0.8904456,Half2,27,0,1084,2017_10_HOU_LA,LA,1,3,36,7,78,9,3,12,9,1,1,17,0,0,1006,16,7,33,7,9,26,17,1.777777778,5.666666667,63.76470588,11.14285714,0,0
25821,2017-11-12,991,punt,PUNT,0,NYJ,TB,NYJ,15,10,3,0,0.27617586,0.72382414,Half1,44,0,2645,2017_10_NYJ_TB,TB,0,3,-4,0,134,2,9,-1.333333333,3,1,1,12,10,0,2511,3,0,15,10,3,5,2,1.5,1.333333333,220.4166667,#DIV/0!,0,0
26767,2017-11-19,1633,punt,PUNT,0,GB,GB,BAL,0,23,0,3,0.30720565,0.6927943,Half1,28,0,1909,2017_11_BAL_GB,BAL,1,4,9,3,97,4,9,2.25,3,1,1,20,0,0,1812,3,0,23,0,3,23,20,0.75,2.222222222,95.45,32.33333333,2,0
28806,2017-11-19,3393,punt,PUNT,0,WAS,NO,WAS,34,31,13,24,0.9258507,0.07414931,Half2,24,0,694,2017_11_WAS_NO,NO,1,5,27,3,122,7,4,5.4,-11,-1,1,21,7,0,572,13,24,34,31,-11,3,14,1.857142857,5.25,33.04761905,40.66666667,0,0
28894,2017-11-26,699,punt,PUNT,0,KC,KC,BUF,10,16,0,0,0.5474936,0.45250642,Half1,20,0,3065,2017_12_BUF_KC,BUF,1,9,58,7,264,3,9,6.444444444,0,0,1,16,10,0,2801,0,0,16,10,0,6,6,0,1.777777778,191.5625,37.71428571,1,0
29200,2017-11-26,3938,punt,PUNT,0,NYJ,NYJ,CAR,27,35,20,32,0.11331685,0.88668317,Half2,60,1,609,2017_12_CAR_NYJ,CAR,1,0,0,7,0,11,2,#DIV/0!,12,1,1,3,7,0,609,32,20,35,27,12,8,-4,2.909090909,1.5,203,0,0,0
30090,2017-11-27,3745,punt,PUNT,0,BAL,BAL,HOU,23,16,20,16,0.6789017,0.32109833,Half2,21,0,404,2017_12_HOU_BAL,HOU,0,4,6,0,106,9,2,1.5,-4,-1,-1,0,3,0,298,16,20,16,23,-4,-7,-3,1.777777778,0,#DIV/0!,#DIV/0!,0,0
30176,2017-11-26,1431,punt,PUNT,0,JAX,ARI,JAX,27,24,6,0,0.18305449,0.8169455,Half1,20,0,2224,2017_12_JAX_ARI,ARI,1,4,41,7,127,3,12,10.25,6,1,1,21,24,0,2097,6,0,27,24,6,3,-3,2,1.75,105.9047619,18.14285714,0,0
30929,2017-11-26,2227,punt,PUNT,0,NO,LA,NO,26,20,17,10,0.20867002,0.79133,Half2,40,0,1672,2017_12_NO_LA,LA,0,3,2,0,91,6,5,0.6666666667,7,1,1,9,10,0,1581,17,10,26,20,7,6,-1,2.833333333,1.8,185.7777778,#DIV/0!,0,0
32194,2017-12-03,3079,punt,PUNT,0,DEN,MIA,DEN,35,9,26,9,0.025673151,0.97432685,Half2,27,0,1029,2017_13_DEN_MIA,MIA,0,3,5,0,57,10,6,1.666666667,17,1,1,9,0,0,972,26,9,35,9,17,26,9,2.6,1.5,114.3333333,#DIV/0!,0,0
32436,2017-12-03,120,punt,PUNT,0,HOU,TEN,HOU,24,13,0,0,0.4033366,0.59666336,Half1,25,0,3497,2017_13_HOU_TEN,TEN,0,0,0,0,0,0,9,#DIV/0!,0,0,1,24,13,0,3497,0,0,24,13,0,11,11,#DIV/0!,2.666666667,145.7083333,#DIV/0!,0,0
32796,2017-12-03,308,punt,PUNT,0,NYJ,NYJ,KC,38,31,0,7,0.33226654,0.66773343,Half1,24,0,3355,2017_13_KC_NYJ,KC,1,1,36,7,6,1,8,36,7,1,-1,24,38,0,3349,7,0,31,38,7,-7,-14,7,3,139.7916667,0.8571428571,0,0
33081,2017-12-03,2462,punt,PUNT,0,ARI,ARI,LA,16,32,13,19,0.22239318,0.77760684,Half2,30,0,1402,2017_13_LA_ARI,LA,1,6,30,7,180,8,4,5,6,1,1,13,3,0,1222,19,13,32,16,6,16,10,2.375,3.25,107.8461538,25.71428571,0,0
34083,2017-12-03,1489,punt,PUNT,0,SF,CHI,SF,14,15,13,6,0.32386616,0.6761339,Half1,61,1,2172,2017_13_SF_CHI,CHI,1,0,0,7,0,3,4,#DIV/0!,7,1,-1,1,9,0,2172,13,6,14,15,7,-1,-8,4.333333333,0.25,2172,0,0,0
34426,2017-11-30,1561,punt,PUNT,0,WAS,DAL,WAS,38,14,16,0,0.17141554,0.82858443,Half1,83,1,2046,2017_13_WAS_DAL,DAL,1,0,0,7,0,6,5,#DIV/0!,16,1,1,22,14,0,2046,16,0,38,14,16,24,8,2.666666667,4.4,93,0,0,0
35422,2017-12-10,3592,punt,PUNT,0,CLE,CLE,GB,21,27,21,14,0.9049558,0.095044196,Half2,65,0,177,2017_14_GB_CLE,GB,1,7,25,7,140,7,1,3.571428571,-7,-1,1,13,0,0,37,14,21,27,21,-7,6,13,2,13,13.61538462,20,2,0
35764,2017-12-10,2928,punt,PUNT,0,CAR,CAR,MIN,31,24,24,13,0.88996434,0.11003566,Half2,29,0,930,2017_14_MIN_CAR,MIN,1,4,73,7,88,10,3,18.25,-11,-1,-1,11,7,0,842,13,24,24,31,-11,-7,4,1.3,3.666666667,84.54545455,12.57142857,0,0
36259,2017-12-10,1956,punt,PUNT,0,NYJ,DEN,NYJ,23,0,13,0,0.08210072,0.91789925,Half2,24,0,1682,2017_14_NYJ_DEN,DEN,1,13,68,7,379,5,6,5.230769231,13,1,1,10,0,0,1303,13,0,23,0,13,23,10,2.6,1.666666667,168.2,54.14285714,0,0
36821,2017-12-10,2768,punt,PUNT,0,SEA,JAX,SEA,30,24,17,10,0.17650244,0.82349753,Half2,72,0,1258,2017_14_SEA_JAX,JAX,1,1,1,7,3,8,5,1,7,1,1,13,14,0,1255,17,10,30,24,7,6,-1,2.125,2.6,96.76923077,0.4285714286,0,0
37402,2017-12-10,3469,punt,PUNT,0,WAS,LAC,WAS,30,13,30,6,0.00032277574,0.99967724,Half2,47,0,405,2017_14_WAS_LAC,LAC,0,6,18,0,233,12,2,3,24,1,1,0,7,0,172,30,6,30,13,24,17,-7,2.5,0,#DIV/0!,#DIV/0!,0,0
38860,2017-12-17,849,punt,PUNT,0,HOU,JAX,HOU,45,7,7,0,0.18705785,0.81294215,Half1,26,0,2809,2017_15_HOU_JAX,JAX,1,5,59,7,119,2,12,11.8,7,1,1,38,7,0,2690,7,0,45,7,7,38,31,3.5,3.166666667,73.92105263,17,0,0
39036,2017-12-17,782,punt,PUNT,0,SEA,SEA,LA,7,42,0,6,0.23856962,0.7614304,Half1,53,0,3077,2017_15_LA_SEA,LA,1,1,1,7,3,2,12,1,6,1,1,36,7,0,3074,6,0,42,7,6,35,29,3,3,85.47222222,0.4285714286,0,0
39063,2017-12-17,1385,punt,PUNT,0,SEA,SEA,LA,7,42,0,13,0.11089551,0.8891045,Half1,26,0,2431,2017_15_LA_SEA,LA,1,5,36,7,122,4,10,7.2,13,1,1,29,7,0,2309,13,0,42,7,13,35,22,3.25,2.9,83.82758621,17.42857143,0,0
39088,2017-12-17,2018,punt,PUNT,0,SEA,SEA,LA,7,42,0,27,0.0026662,0.9973338,Half1,26,0,1893,2017_15_LA_SEA,LA,1,3,47,7,51,6,8,15.66666667,27,1,1,15,7,0,1842,27,0,42,7,27,35,8,4.5,1.875,126.2,7.285714286,0,0
39495,2017-12-17,3506,punt,PUNT,0,BUF,BUF,MIA,24,16,24,6,0.99003875,0.009961247,Half2,26,0,586,2017_15_MIA_BUF,MIA,1,6,13,7,95,8,3,2.166666667,-18,-1,-1,10,0,0,491,6,24,16,24,-18,-8,10,0.75,3.333333333,58.6,13.57142857,1,0
40652,2017-12-24,488,punt,PUNT,0,CLE,CHI,CLE,20,3,0,0,0.3857455,0.6142545,Half1,28,0,3104,2017_16_CLE_CHI,CHI,1,9,57,7,311,1,11,6.333333333,0,0,1,20,3,0,2793,0,0,20,3,0,17,17,0,1.818181818,155.2,44.42857143,1,2
42755,2017-12-25,2336,punt,PUNT,0,HOU,HOU,PIT,6,34,0,20,0.028210502,0.9717895,Half2,27,0,1258,2017_16_PIT_HOU,PIT,1,7,42,7,235,6,3,6,20,1,1,14,6,0,1023,20,0,34,6,20,28,8,3.333333333,4.666666667,89.85714286,33.57142857,0,0
42802,2017-12-25,3434,punt,PUNT,0,HOU,HOU,PIT,6,34,6,34,6.04E-05,0.99993956,Half2,21,0,181,2017_16_PIT_HOU,PIT,0,4,10,0,166,9,1,2.5,28,1,1,0,0,1,15,34,6,34,6,28,28,0,3.777777778,0,#DIV/0!,#DIV/0!,0,0
43308,2017-12-31,3502,punt,PUNT,0,ARI,SEA,ARI,24,26,17,23,0.771827,0.22817302,Half2,27,0,686,2017_17_ARI_SEA,SEA,1,2,60,7,47,10,3,30,-6,-1,-1,7,3,0,639,17,23,24,26,-6,-2,4,1.7,2.333333333,98,6.714285714,0,0
43766,2017-12-31,1395,punt,PUNT,0,MIN,MIN,CHI,23,10,14,6,0.89069545,0.10930455,Half1,59,1,2165,2017_17_CHI_MIN,CHI,1,0,0,7,0,5,7,#DIV/0!,-8,-1,-1,4,9,0,2165,6,14,10,23,-8,-13,-5,1.2,0.5714285714,541.25,0,0,0
44500,2017-12-31,1603,punt,PUNT,0,GB,DET,GB,35,11,10,3,0.19771628,0.8022837,Half1,20,0,2113,2017_17_GB_DET,DET,0,3,-5,0,4,8,5,-1.666666667,7,1,1,25,8,0,2109,10,3,35,11,7,24,17,1.25,5,84.52,#DIV/0!,0,0
44587,2017-12-31,3700,punt,PUNT,0,DET,DET,GB,35,11,35,11,0.9997607,0.00023931265,Half2,28,0,146,2017_17_GB_DET,GB,0,7,11,0,106,12,1,1.571428571,-24,-1,-1,0,0,0,40,11,35,11,35,-24,-24,0,0.9166666667,0,#DIV/0!,#DIV/0!,0,0
44736,2017-12-31,3301,punt,PUNT,0,HOU,IND,HOU,22,13,19,13,0.11861545,0.88138455,Half2,30,0,413,2017_17_HOU_IND,IND,1,12,49,3,366,8,1,4.083333333,6,1,1,3,0,0,47,19,13,22,13,6,9,3,2.375,3,137.6666667,122,0,0
45910,2017-12-31,2039,punt,PUNT,0,NYG,NYG,WAS,18,10,15,7,0.7672799,0.23272008,Half1,29,0,1818,2017_17_WAS_NYG,WAS,1,1,0,3,4,7,8,0,-8,-1,-1,3,3,0,1814,7,15,10,18,-8,-8,0,1,0.375,606,1.333333333,2,0
47608,2018-01-21,3543,punt,PUNT,0,JAX,NE,JAX,24,20,17,20,0.5591893,0.44081068,Half2,20,0,310,2017_20_JAX_NE,NE,1,5,30,7,130,10,2,6,-3,-1,1,7,0,0,180,17,20,24,20,-3,4,7,1.7,3.5,44.28571429,18.57142857,0,0
48231,2018-09-09,1136,punt,PUNT,0,BUF,BAL,BUF,47,3,14,0,0.110711694,0.8892883,Half1,51,0,2661,2018_01_BUF_BAL,BAL,1,4,-3,3,49,3,11,-0.75,14,1,1,33,3,0,2612,14,0,47,3,14,44,30,4.666666667,3,80.63636364,16.33333333,0,1
48434,2018-09-09,1149,punt,PUNT,0,GB,GB,CHI,24,23,0,10,0.17933905,0.82066095,Half1,42,0,2345,2018_01_CHI_GB,CHI,0,4,-3,0,123,3,8,-0.75,10,1,-1,13,24,0,2222,10,0,23,24,10,-1,-11,3.333333333,1.625,180.3846154,#DIV/0!,0,0
48788,2018-09-09,1047,punt,PUNT,0,DAL,CAR,DAL,16,8,0,0,0.34798422,0.6520158,Half1,30,0,2553,2018_01_DAL_CAR,CAR,1,7,35,7,208,2,8,5,0,0,1,16,8,0,2345,0,0,16,8,0,8,8,0,2,159.5625,29.71428571,0,0
49309,2018-09-09,117,punt,PUNT,0,LAC,LAC,KC,28,38,0,6,0.51455146,0.48544854,Half1,91,1,3504,2018_01_KC_LAC,KC,1,5,75,14,161,0,11,15,6,1,1,32,28,0,3343,6,0,38,28,6,10,4,#DIV/0!,2.909090909,109.5,11.5,0,0
49694,2018-09-10,469,punt,PUNT,0,DET,DET,NYJ,17,48,7,0,0.742202,0.25779802,Half1,43,0,3129,2018_01_NYJ_DET,NYJ,1,5,32,7,154,2,10,6.4,-7,-1,1,48,10,0,2975,0,7,48,17,-7,31,38,0,4.8,65.1875,22,0,0
49789,2018-09-10,2626,punt,PUNT,0,DET,DET,NYJ,17,48,17,37,0.06731408,0.9326859,Half2,78,1,1340,2018_01_NYJ_DET,NYJ,1,4,4,10,92,8,4,1,20,1,1,11,0,0,1248,37,17,48,17,20,31,11,4.625,2.75,121.8181818,9.2,0,0
49877,2018-09-09,588,punt,PUNT,0,CLE,CLE,PIT,21,21,0,0,0.5479139,0.4520861,Half1,22,0,3094,2018_01_PIT_CLE,PIT,0,4,32,0,62,2,15,8,0,0,0,21,21,0,3032,0,0,21,21,0,0,0,0,1.4,147.3333333,#DIV/0!,0,0
49963,2018-09-09,2632,punt,PUNT,0,CLE,CLE,PIT,21,21,7,14,0.21046437,0.78953564,Half2,20,0,1278,2018_01_PIT_CLE,PIT,1,2,39,7,45,7,10,19.5,7,1,0,7,14,0,1233,14,7,21,21,7,0,-7,2,0.7,182.5714286,6.428571429,0,0
50723,2018-09-09,1993,punt,PUNT,0,MIA,MIA,TEN,27,20,7,3,0.6700858,0.3299142,Half2,26,0,1725,2018_01_TEN_MIA,TEN,0,3,6,0,87,4,9,2,-4,-1,-1,17,20,0,1638,3,7,20,27,-4,-7,-3,0.75,1.888888889,101.4705882,#DIV/0!,0,1
50983,2018-09-09,3706,punt,PUNT,0,WAS,ARI,WAS,6,24,6,24,0.99778146,0.0022185445,Half2,44,0,288,2018_01_WAS_ARI,ARI,0,5,19,0,70,7,2,3.8,-18,-1,-1,0,0,0,218,6,24,6,24,-18,-18,0,0.8571428571,0,#DIV/0!,#DIV/0!,0,0
51067,2018-09-16,1552,punt,PUNT,0,ARI,LA,ARI,34,0,11,0,0.13903555,0.8609644,Half1,60,0,2073,2018_02_ARI_LA,LA,1,8,32,8,258,4,6,4,11,1,1,23,0,0,1815,11,0,34,0,11,34,23,2.75,3.833333333,90.13043478,32.25,0,0
52264,2018-09-16,145,punt,PUNT,0,PIT,PIT,KC,37,42,0,0,0.45431122,0.54568875,Half1,48,0,3562,2018_02_KC_PIT,KC,1,2,10,7,63,0,10,5,0,0,1,42,37,0,3499,0,0,42,37,0,5,5,0,4.2,84.80952381,9,0,0
52658,2018-09-16,815,punt,PUNT,0,NYJ,NYJ,MIA,12,20,0,7,0.30505785,0.6949421,Half1,22,0,2662,2018_02_MIA_NYJ,MIA,0,3,6,0,84,3,8,2,7,1,1,13,12,0,2578,7,0,20,12,7,8,1,2.333333333,1.625,204.7692308,#DIV/0!,0,0
53732,2018-09-17,735,punt,PUNT,0,SEA,CHI,SEA,24,17,7,0,0.2156099,0.7843901,Half1,32,0,2910,2018_02_SEA_CHI,CHI,0,7,17,0,240,1,10,2.428571429,7,1,1,17,17,0,2670,7,0,24,17,7,7,0,7,1.7,171.1764706,#DIV/0!,0,0
54123,2018-09-23,1239,punt,PUNT,0,ARI,ARI,CHI,14,16,14,0,0.8717402,0.12825978,Half1,21,0,2254,2018_03_CHI_ARI,CHI,1,11,71,3,327,3,7,6.454545455,-14,-1,1,16,0,0,1927,0,14,16,14,-14,2,16,0,2.285714286,140.875,109,0,0
55805,2018-09-23,2467,punt,PUNT,0,NYG,HOU,NYG,22,27,9,20,0.84960145,0.15039855,Half2,27,0,1255,2018_03_NYG_HOU,HOU,0,5,28,0,115,6,4,5.6,-11,-1,-1,13,7,0,1140,9,20,22,27,-11,-5,6,1.5,3.25,96.53846154,#DIV/0!,0,0
57482,2018-09-30,3589,punt,PUNT,0,CLE,LV,CLE,45,42,31,28,0.25325602,0.746744,Half2,49,0,748,2018_04_CLE_OAK,LV,1,4,3,3,86,12,6,0.75,3,1,1,14,14,0,662,31,28,45,42,3,3,0,2.583333333,2.333333333,53.42857143,28.66666667,0,0
57999,2018-10-01,568,punt,PUNT,0,DEN,DEN,KC,23,27,3,3,0.46454927,0.5354507,Half1,37,0,2986,2018_04_KC_DEN,KC,0,3,0,0,24,1,8,0,0,0,1,24,20,0,2962,3,3,27,23,0,4,4,3,3,124.4166667,#DIV/0!,0,0
58201,2018-09-30,971,punt,PUNT,0,MIA,NE,MIA,38,7,3,0,0.29388857,0.70611143,Half1,24,0,2660,2018_04_MIA_NE,NE,1,5,67,7,128,2,8,13.4,3,1,1,35,7,0,2532,3,0,38,7,3,31,28,1.5,4.375,76,18.28571429,0,0
59015,2018-09-30,3513,punt,PUNT,0,TEN,TEN,PHI,26,23,20,17,0.80750555,0.19249445,Half2,42,0,114,2018_04_PHI_TEN,PHI,1,6,27,3,85,10,2,4.5,-3,-1,-1,6,6,0,29,17,20,23,26,-3,-3,0,1.7,3,19,28.33333333,0,0
59331,2018-09-30,1942,punt,PUNT,0,SF,LAC,SF,29,27,14,17,0.6123529,0.3876471,Half1,56,0,1830,2018_04_SF_LAC,LAC,1,3,2,3,13,5,7,0.6666666667,-3,-1,1,15,10,0,1817,14,17,29,27,-3,2,5,2.8,2.142857143,122,4.333333333,0,0
59340,2018-09-30,2134,punt,PUNT,0,SF,LAC,SF,29,27,17,17,0.36024317,0.6397568,Half2,21,0,1717,2018_04_SF_LAC,LAC,1,6,51,7,168,6,6,8.5,0,0,1,12,10,0,1549,17,17,29,27,0,2,2,2.833333333,2,143.0833333,24,0,0
60349,2018-10-07,3630,punt,PUNT,0,HOU,HOU,DAL,19,16,16,16,0.44936338,0.55063665,Half2,22,0,220,2018_05_DAL_HOU,DAL,0,3,0,0,104,9,2,0,0,0,-1,0,3,0,116,16,16,16,19,0,-3,-3,1.777777778,0,#DIV/0!,#DIV/0!,0,0
60519,2018-10-07,3120,punt,PUNT,0,DEN,NYJ,DEN,34,16,24,10,0.028635807,0.9713642,Half2,51,0,907,2018_05_DEN_NYJ,NYJ,1,4,-1,3,121,9,3,-0.25,14,1,1,10,6,0,786,24,10,34,16,14,18,4,2.666666667,3.333333333,90.7,40.33333333,0,0
60875,2018-10-04,2618,punt,PUNT,0,NE,NE,IND,38,24,24,3,0.9422372,0.0577628,Half2,33,0,1617,2018_05_IND_NE,IND,1,4,35,7,116,6,6,8.75,-21,-1,-1,21,14,0,1501,3,24,24,38,-21,-14,7,0.5,3.5,77,16.57142857,0,0
61412,2018-10-07,1828,punt,PUNT,0,CIN,CIN,MIA,27,17,0,13,0.2913299,0.70867014,Half1,71,1,1840,2018_05_MIA_CIN,MIA,1,0,0,7,0,4,7,#DIV/0!,13,1,-1,4,27,0,1840,13,0,17,27,13,-10,-23,3.25,0.5714285714,460,0,0,0
62049,2018-10-07,736,punt,PUNT,0,BUF,BUF,TEN,13,12,7,0,0.7435685,0.25643152,Half1,38,0,3019,2018_05_TEN_BUF,TEN,1,7,18,3,207,2,7,2.571428571,-7,-1,-1,12,6,0,2812,0,7,12,13,-7,-1,6,0,1.714285714,251.5833333,69,0,0
62460,2018-10-14,2545,punt,PUNT,0,ARI,MIN,ARI,27,17,20,10,0.085454464,0.91454554,Half2,20,0,1378,2018_06_ARI_MIN,MIN,1,3,43,7,71,9,4,14.33333333,10,1,1,7,7,0,1307,20,10,27,17,10,10,0,2.222222222,1.75,196.8571429,10.14285714,0,0
62609,2018-10-14,1915,punt,PUNT,0,TEN,TEN,BAL,0,21,0,14,0.10131347,0.8986865,Half1,26,0,1835,2018_06_BAL_TEN,BAL,0,3,9,0,17,4,5,3,14,1,1,7,0,0,1818,14,0,21,0,14,21,7,3.5,1.4,262.1428571,#DIV/0!,0,0
63870,2018-10-14,2433,punt,PUNT,0,DEN,DEN,LA,20,23,3,13,0.17805508,0.82194495,Half2,26,0,1525,2018_06_LA_DEN,LA,1,8,58,7,240,6,4,7.25,10,1,1,10,17,0,1285,13,3,23,20,10,3,-7,2.166666667,2.5,152.5,34.28571429,1,0
63960,2018-10-14,178,punt,PUNT,0,CLE,CLE,LAC,14,38,0,0,0.48805323,0.5119468,Half1,32,0,3474,2018_06_LAC_CLE,LAC,1,5,57,7,152,0,12,11.4,0,0,1,38,14,0,3322,0,0,38,14,0,24,24,#DIV/0!,3.166666667,91.42105263,21.71428571,0,0
64009,2018-10-14,1357,punt,PUNT,0,LAC,CLE,LAC,14,38,3,7,0.58731186,0.41268814,Half1,33,0,2402,2018_06_LAC_CLE,CLE,0,3,-1,0,121,4,9,-0.3333333333,-4,-1,-1,11,31,0,2281,3,7,14,38,-4,-24,-20,0.75,1.222222222,218.3636364,#DIV/0!,0,0
64160,2018-10-11,708,punt,PUNT,0,NYG,NYG,PHI,13,34,3,7,0.31983557,0.68016446,Half1,23,0,3003,2018_06_PHI_NYG,PHI,1,6,44,7,201,2,10,7.333333333,4,1,1,27,10,0,2802,7,3,34,13,4,21,17,3.5,2.7,111.2222222,28.71428571,0,0
65677,2018-10-21,3906,punt,PUNT,0,TB,TB,CLE,26,23,23,16,0.8372454,0.1627546,Half2,32,0,170,2018_07_CLE_TB,CLE,1,1,16,7,8,11,2,16,-7,-1,-1,7,3,0,162,16,23,23,26,-7,-3,4,1.454545455,3.5,24.28571429,1.142857143,0,0
66355,2018-10-21,2463,punt,PUNT,0,HOU,JAX,HOU,7,20,0,20,0.95062566,0.049374342,Half2,21,0,1334,2018_07_HOU_JAX,JAX,1,10,47,7,277,7,3,4.7,-20,-1,-1,7,0,0,1057,0,20,7,20,-20,-13,7,0,2.333333333,190.5714286,39.57142857,0,0
66553,2018-10-21,3243,punt,PUNT,0,SF,SF,LA,10,39,10,32,0.0018486602,0.99815136,Half2,36,0,749,2018_07_LA_SF,LA,1,2,13,7,36,9,2,6.5,22,1,1,7,0,0,713,32,10,39,10,22,29,7,3.555555556,3.5,107,5.142857143,0,0
66668,2018-10-21,2078,punt,PUNT,0,NYJ,NYJ,MIN,17,37,7,10,0.3512087,0.6487913,Half1,20,0,1914,2018_07_MIN_NYJ,MIN,0,4,6,0,59,8,8,1.5,3,1,1,27,10,0,1855,10,7,37,17,3,20,17,1.25,3.375,70.88888889,#DIV/0!,0,0
67209,2018-10-22,1153,punt,PUNT,0,ATL,ATL,NYG,23,20,0,0,0.48012182,0.51987815,Half1,21,0,2256,2018_07_NYG_ATL,NYG,0,3,-8,0,92,2,7,-2.666666667,0,0,-1,20,23,0,2164,0,0,20,23,0,-3,-3,0,2.857142857,112.8,#DIV/0!,0,0
67589,2018-10-28,2345,punt,PUNT,0,CAR,CAR,BAL,36,21,24,7,0.9259585,0.074041486,Half2,23,0,1619,2018_08_BAL_CAR,BAL,0,6,19,0,88,5,5,3.166666667,-17,-1,-1,14,12,0,1531,7,24,21,36,-17,-15,2,1.4,2.8,115.6428571,#DIV/0!,0,0
67693,2018-10-28,651,punt,PUNT,0,CLE,PIT,CLE,33,18,0,3,0.48073223,0.5192678,Half1,23,0,3077,2018_08_CLE_PIT,PIT,0,3,4,0,70,1,10,1.333333333,-3,-1,1,33,15,0,3007,0,3,33,18,-3,15,18,0,3.3,93.24242424,#DIV/0!,0,0
68499,2018-10-25,2736,punt,PUNT,0,HOU,HOU,MIA,42,23,21,10,0.8457071,0.15429288,Half2,21,0,1315,2018_08_MIA_HOU,MIA,1,4,51,7,106,7,4,12.75,-11,-1,-1,13,21,0,1209,10,21,23,42,-11,-19,-8,1.428571429,3.25,101.1538462,15.14285714,0,0
68672,2018-10-29,2817,punt,PUNT,0,NE,BUF,NE,6,25,3,9,0.65419316,0.34580684,Half2,31,0,1469,2018_08_NE_BUF,BUF,1,4,2,3,97,5,6,0.5,-6,-1,-1,3,16,0,1372,3,9,6,25,-6,-19,-13,0.6,0.5,489.6666667,32.33333333,0,0
69038,2018-10-28,2689,punt,PUNT,0,NYJ,CHI,NYJ,24,10,14,3,0.10521804,0.89478195,Half2,21,0,1239,2018_08_NYJ_CHI,CHI,1,10,36,3,332,7,3,3.6,11,1,1,10,7,0,907,14,3,24,10,11,14,3,2,3.333333333,123.9,110.6666667,0,0
69208,2018-10-28,2455,punt,PUNT,0,PHI,JAX,PHI,18,24,12,17,0.5710738,0.42892623,Half2,23,0,1102,2018_08_PHI_JAX,JAX,1,11,37,3,297,6,3,3.363636364,-5,-1,-1,6,7,0,805,12,17,18,24,-5,-6,-1,2,2,183.6666667,99,0,0
70274,2018-11-04,2180,punt,PUNT,0,BUF,BUF,CHI,9,41,0,21,0.059290636,0.94070935,Half1,36,0,1906,2018_09_CHI_BUF,CHI,1,2,23,7,39,5,5,11.5,21,1,1,20,9,0,1867,21,0,41,9,21,32,11,4.2,4,95.3,5.571428571,0,0
70458,2018-11-04,1601,punt,PUNT,0,DET,MIN,DET,24,9,14,6,0.19007862,0.8099214,Half1,24,0,1850,2018_09_DET_MIN,MIN,1,5,51,3,35,4,5,10.2,8,1,1,10,3,0,1815,14,6,24,9,8,15,7,3.5,2,185,11.66666667,0,0
72701,2018-11-11,1139,punt,PUNT,0,NYJ,NYJ,BUF,10,41,0,17,0.118363515,0.8816365,Half1,21,0,2584,2018_10_BUF_NYJ,BUF,1,9,64,7,294,4,7,7.111111111,17,1,1,24,10,0,2290,17,0,41,10,17,31,14,4.25,3.428571429,107.6666667,42,0,0
74195,2018-11-12,123,punt,PUNT,0,NYG,SF,NYG,23,27,0,0,0.34601623,0.6539838,Half1,23,0,3525,2018_10_NYG_SF,SF,1,6,19,3,199,0,11,3.166666667,0,0,-1,23,27,0,3326,0,0,23,27,0,-4,-4,#DIV/0!,2.090909091,153.2608696,66.33333333,0,0
74919,2018-11-18,776,punt,PUNT,0,BAL,BAL,CIN,24,21,7,0,0.77796626,0.22203374,Half1,38,0,2899,2018_11_CIN_BAL,CIN,0,3,3,0,63,2,9,1,-7,-1,-1,21,17,0,2836,0,7,21,24,-7,-3,4,0,2.333333333,138.047619,#DIV/0!,0,0
76574,2018-11-18,1042,punt,PUNT,0,PIT,JAX,PIT,16,20,3,0,0.32268274,0.67731726,Half1,25,0,2537,2018_11_PIT_JAX,JAX,1,6,38,3,208,3,10,6.333333333,3,1,-1,13,20,0,2329,3,0,16,20,3,-4,-7,1,1.3,195.1538462,69.33333333,0,0
76908,2018-11-18,595,punt,PUNT,0,TEN,IND,TEN,38,10,0,0,0.35619316,0.6438068,Half1,51,0,3009,2018_11_TEN_IND,IND,1,7,33,7,216,1,8,4.714285714,0,0,1,38,10,0,2793,0,0,38,10,0,28,28,0,4.75,79.18421053,30.85714286,0,0
77062,2018-11-25,392,punt,PUNT,0,LAC,LAC,ARI,45,10,0,7,0.31625548,0.68374455,Half1,26,0,3204,2018_12_ARI_LAC,ARI,1,8,32,3,227,1,9,4,7,1,-1,3,45,0,2977,7,0,10,45,7,-35,-42,7,0.3333333333,1068,75.66666667,0,0
77089,2018-11-25,1025,punt,PUNT,0,ARI,LAC,ARI,45,10,7,10,0.46490046,0.5350995,Half1,23,0,2527,2018_12_ARI_LAC,LAC,0,2,-4,0,45,2,8,-2,-3,-1,1,38,0,0,2482,7,10,45,10,-3,35,38,3.5,4.75,66.5,#DIV/0!,0,0
77685,2018-11-25,3668,punt,PUNT,0,CLE,CIN,CLE,20,35,20,35,0.9906844,0.00931561,Half2,23,0,382,2018_12_CLE_CIN,CIN,0,11,44,0,183,8,2,4,-15,-1,-1,0,0,0,199,20,35,20,35,-15,-15,0,2.5,0,#DIV/0!,#DIV/0!,0,0
77708,2018-11-25,4188,punt,PUNT,0,CLE,CIN,CLE,20,35,20,35,0.9986552,0.0013448,Half2,33,0,120,2018_12_CLE_CIN,CIN,0,4,-5,0,34,9,1,-1.25,-15,-1,-1,0,0,0,86,20,35,20,35,-15,-15,0,2.222222222,0,#DIV/0!,#DIV/0!,0,0
77821,2018-11-25,2450,punt,PUNT,0,MIN,MIN,GB,24,17,14,14,0.47584873,0.52415127,Half2,23,0,1507,2018_12_GB_MIN,GB,0,4,9,0,154,6,4,2.25,0,0,-1,3,10,0,1353,14,14,17,24,0,-7,-7,2.333333333,0.75,502.3333333,#DIV/0!,0,0
77839,2018-11-25,2857,punt,PUNT,0,GB,MIN,GB,24,17,17,14,0.24449894,0.75550103,Half2,20,0,1018,2018_12_GB_MIN,MIN,1,4,31,7,79,8,3,7.75,3,1,1,7,3,0,939,17,14,24,17,3,7,4,2.125,2.333333333,145.4285714,11.28571429,0,0
77998,2018-11-25,2912,punt,PUNT,0,BUF,BUF,JAX,24,21,14,14,0.4657808,0.5342192,Half2,21,0,1280,2018_12_JAX_BUF,JAX,0,10,23,0,337,7,5,2.3,0,0,-1,7,10,0,943,14,14,21,24,0,-3,-3,2,1.4,182.8571429,#DIV/0!,0,0
78648,2018-11-25,1273,punt,PUNT,0,OAK,BAL,LV,34,17,9,7,0.46833506,0.53166497,Half1,70,1,2581,2018_12_OAK_BAL,BAL,1,6,77,10,149,2,8,12.83333333,2,1,1,25,10,0,2432,9,7,34,17,2,17,15,4.5,3.125,103.24,14.9,0,0
79334,2018-11-26,803,punt,PUNT,0,TEN,HOU,TEN,34,17,7,10,0.4898629,0.5101371,Half1,25,0,2826,2018_12_TEN_HOU,HOU,1,5,60,7,118,2,9,12,-3,-1,1,27,7,0,2708,7,10,34,17,-3,17,20,3.5,3,104.6666667,16.85714286,0,0
79567,2018-11-22,2305,punt,PUNT,0,DAL,DAL,WAS,31,23,10,7,0.5952005,0.40479952,Half2,30,0,1544,2018_12_WAS_DAL,WAS,1,3,25,7,89,6,6,8.333333333,-3,-1,-1,16,21,0,1455,7,10,23,31,-3,-8,-5,1.166666667,2.666666667,96.5,12.71428571,0,0
79694,2018-12-02,955,punt,PUNT,0,ARI,GB,ARI,17,20,0,0,0.39446434,0.6055356,Half1,24,0,2635,2018_13_ARI_GB,GB,1,5,35,7,133,3,8,7,0,0,-1,17,20,0,2502,0,0,17,20,0,-3,-3,0,2.125,155,19,0,1
81613,2018-12-02,3040,punt,PUNT,0,PIT,PIT,LAC,30,33,23,21,0.8161081,0.18389189,Half2,73,1,791,2018_13_LAC_PIT,LAC,1,7,79,14,221,7,3,11.28571429,-2,-1,1,12,7,0,570,21,23,33,30,-2,3,5,3,4,65.91666667,15.78571429,0,0
81790,2018-12-02,3123,punt,PUNT,0,MIN,NE,MIN,24,10,17,10,0.11859196,0.88140804,Half2,23,0,862,2018_13_MIN_NE,NE,1,6,50,7,192,7,3,8.333333333,7,1,1,7,0,0,670,17,10,24,10,7,14,7,2.428571429,2.333333333,123.1428571,27.42857143,0,0
82869,2018-12-09,3600,punt,PUNT,0,KC,KC,BAL,27,24,17,17,0.4265929,0.5734071,Half2,55,0,324,2018_14_BAL_KC,BAL,1,3,14,7,54,7,3,4.666666667,0,0,-1,7,10,0,270,17,17,24,27,0,-3,-3,2.428571429,2.333333333,46.28571429,7.714285714,1,0
83384,2018-12-09,2917,punt,PUNT,0,SF,SF,DEN,20,14,20,0,0.95153975,0.048460245,Half2,20,0,1572,2018_14_DEN_SF,DEN,1,11,56,7,294,6,4,5.090909091,-20,-1,-1,14,0,0,1278,0,20,14,20,-20,-6,14,0,3.5,112.2857143,42,0,0
83653,2018-12-09,227,punt,PUNT,0,HOU,HOU,IND,21,24,0,0,0.59220535,0.40779465,Half1,26,0,3400,2018_14_IND_HOU,IND,0,3,0,0,102,1,10,0,0,0,1,24,21,0,3298,0,0,24,21,0,3,3,0,2.4,141.6666667,#DIV/0!,0,0
84088,2018-12-09,2254,punt,PUNT,0,LA,CHI,LA,15,6,6,6,0.42427585,0.5757241,Half1,22,0,1863,2018_14_LA_CHI,CHI,0,3,0,0,32,5,7,0,0,0,1,9,0,0,1831,6,6,15,6,0,9,9,1.2,1.285714286,207,#DIV/0!,1,0
84758,2018-12-09,1078,punt,PUNT,0,WAS,WAS,NYG,16,40,0,7,0.2576973,0.74230266,Half1,23,0,2719,2018_14_NYG_WAS,NYG,1,9,43,3,269,4,10,4.777777778,7,1,1,33,16,0,2450,7,0,40,16,7,24,17,1.75,3.3,82.39393939,89.66666667,0,0
86294,2018-12-16,3600,punt,PUNT,0,GB,CHI,GB,24,17,21,14,0.09869066,0.9013094,Half2,44,0,566,2018_15_GB_CHI,CHI,1,4,9,3,149,8,2,2.25,7,1,1,3,3,0,417,21,14,24,17,7,7,0,2.625,1.5,188.6666667,49.66666667,0,0
86706,2018-12-16,370,punt,PUNT,0,MIA,MIN,MIA,41,17,7,0,0.27185988,0.7281401,Half1,21,0,3272,2018_15_MIA_MIN,MIN,1,6,60,7,179,1,10,10,7,1,1,34,17,0,3093,7,0,41,17,7,24,17,7,3.4,96.23529412,25.57142857,0,0
86789,2018-12-16,2353,punt,PUNT,0,MIA,MIN,MIA,41,17,21,17,0.23815441,0.7618456,Half2,70,0,1516,2018_15_MIA_MIN,MIN,1,4,4,3,79,6,5,1,4,1,1,20,0,0,1437,21,17,41,17,4,24,20,3.5,4,75.8,26.33333333,0,0
88186,2018-12-16,1977,punt,PUNT,0,WAS,JAX,WAS,13,16,9,3,0.4178062,0.5821938,Half1,74,1,1823,2018_15_WAS_JAX,JAX,0,5,5,7,129,6,4,1,6,1,-1,4,13,0,1694,9,3,13,16,6,-3,-9,1.5,1,455.75,18.42857143,0,0
88599,2018-12-22,3686,punt,PUNT,0,BAL,LAC,BAL,10,22,10,16,0.73810893,0.26189107,Half2,24,0,192,2018_16_BAL_LAC,LAC,-1,1,1,-7,20,10,2,1,-6,-1,-1,0,6,0,172,10,16,10,22,-6,-12,-6,1,0,#DIV/0!,-2.857142857,0,0
88751,2018-12-23,3289,punt,PUNT,0,BUF,NE,BUF,24,12,21,6,0.014714455,0.9852855,Half2,25,0,666,2018_16_BUF_NE,NE,1,6,19,3,191,11,3,3.166666667,15,1,1,3,6,0,475,21,6,24,12,15,12,-3,1.909090909,1,222,63.66666667,0,0
89115,2018-12-24,241,punt,PUNT,0,DEN,LV,DEN,27,14,6,0,0.37351352,0.6264865,Half1,99,1,3335,2018_16_DEN_OAK,LV,0,3,-5,7,117,0,10,-1.666666667,6,1,1,21,14,0,3218,6,0,27,14,6,13,7,#DIV/0!,2.1,158.8095238,16.71428571,0,0
89765,2018-12-23,1832,punt,PUNT,0,MIA,MIA,JAX,7,17,7,7,0.46651554,0.53348446,Half1,44,0,1822,2018_16_JAX_MIA,JAX,0,1,0,0,4,4,6,0,0,0,1,10,0,1,1818,7,7,17,7,0,10,10,1.75,1.666666667,182.2,#DIV/0!,0,0
90192,2018-12-23,3616,punt,PUNT,0,ARI,ARI,LA,9,31,9,31,0.0003879581,0.99961203,Half2,26,0,506,2018_16_LA_ARI,LA,0,3,0,0,169,8,1,0,22,1,1,0,0,0,337,31,9,31,9,22,22,0,3.875,0,#DIV/0!,#DIV/0!,0,0
91174,2018-12-30,1714,punt,PUNT,0,SEA,SEA,ARI,27,24,14,10,0.6609545,0.33904552,Half1,45,0,2023,2018_17_ARI_SEA,ARI,1,4,-11,3,133,6,8,-2.75,-4,-1,-1,14,13,0,1890,10,14,24,27,-4,-3,1,1.666666667,1.75,144.5,44.33333333,0,0
92063,2018-12-30,2502,punt,PUNT,0,BAL,BAL,CLE,26,24,20,7,0.89164805,0.108351946,Half2,37,0,1670,2018_17_CLE_BAL,CLE,1,1,48,7,8,7,5,48,-13,-1,-1,17,6,0,1662,7,20,24,26,-13,-2,11,1,3.4,98.23529412,1.142857143,0,0
92442,2018-12-30,2362,punt,PUNT,0,GB,GB,DET,0,31,0,21,0.045775045,0.95422494,Half2,25,0,1610,2018_17_DET_GB,DET,0,5,13,0,191,5,4,2.6,21,1,1,10,0,0,1419,21,0,31,0,21,31,10,4.2,2.5,161,#DIV/0!,1,0
92819,2018-12-30,3377,punt,PUNT,0,JAX,HOU,JAX,20,3,20,3,0.011495116,0.9885049,Half2,30,0,566,2018_17_JAX_HOU,HOU,0,3,3,0,61,10,1,1,17,1,1,0,0,0,505,20,3,20,3,17,17,0,2,0,#DIV/0!,#DIV/0!,0,0
94050,2019-01-06,694,punt,PUNT,0,BAL,BAL,LAC,17,23,0,3,0.36745384,0.6325462,Half1,33,0,2915,2018_18_LAC_BAL,LAC,1,4,7,3,133,2,11,1.75,3,1,1,20,17,0,2782,3,0,23,17,3,6,3,1.5,1.818181818,145.75,44.33333333,0,0
94530,2019-01-05,3280,punt,PUNT,0,SEA,DAL,SEA,24,22,17,14,0.25204614,0.7479539,Half2,51,0,668,2018_18_SEA_DAL,DAL,0,2,22,0,77,9,2,11,3,1,1,7,8,0,591,17,14,24,22,3,2,-1,1.888888889,3.5,95.42857143,#DIV/0!,0,0
98097,2019-09-08,772,punt,PUNT,0,PIT,NE,PIT,33,3,7,0,0.23652911,0.7634709,Half1,20,0,2853,2019_01_PIT_NE,NE,1,12,55,3,324,2,8,4.583333333,7,1,1,26,3,0,2529,7,0,33,3,7,30,23,3.5,3.25,109.7307692,108,0,0
98860,2019-09-15,1868,punt,PUNT,0,ARI,BAL,ARI,23,17,17,6,0.10757706,0.8924229,Half1,25,0,1974,2019_02_ARI_BAL,BAL,0,3,-11,0,104,4,5,-3.666666667,11,1,1,6,11,0,1870,17,6,23,17,11,6,-5,4.25,1.2,329,#DIV/0!,0,0
99049,2019-09-15,1972,punt,PUNT,0,BUF,NYG,BUF,14,28,7,21,0.86268353,0.13731647,Half1,60,0,1892,2019_02_BUF_NYG,NYG,0,2,12,0,28,4,7,6,-14,-1,-1,7,7,0,1864,7,21,14,28,-14,-14,0,1.75,1,270.2857143,#DIV/0!,0,0
100171,2019-09-15,3629,punt,PUNT,0,OAK,LV,KC,10,28,10,28,0.013323236,0.98667675,Half2,20,0,770,2019_02_KC_OAK,LV,0,3,1,0,56,9,1,0.3333333333,-18,-1,-1,0,0,0,714,10,28,10,28,-18,-18,0,1.111111111,0,#DIV/0!,#DIV/0!,0,0
100840,2019-09-15,3034,punt,PUNT,0,NO,LA,NO,27,9,13,6,0.15174972,0.84825027,Half2,32,0,1129,2019_02_NO_LA,LA,1,5,26,7,157,7,3,5.2,7,1,1,14,3,0,972,13,6,27,9,7,18,11,1.857142857,4.666666667,80.64285714,22.42857143,0,0
101503,2019-09-12,1283,punt,PUNT,0,TB,CAR,TB,14,20,3,3,0.3416158,0.6583842,Half1,39,0,2406,2019_02_TB_CAR,CAR,1,5,23,3,89,3,10,4.6,0,0,-1,11,17,0,2317,3,3,14,20,0,-6,-6,1,1.1,218.7272727,29.66666667,0,0
102058,2019-09-22,1338,punt,PUNT,0,CAR,ARI,CAR,20,38,7,7,0.3940829,0.6059171,Half1,20,0,2266,2019_03_CAR_ARI,ARI,1,15,53,3,358,2,9,3.533333333,0,0,-1,13,31,0,1908,7,7,20,38,0,-18,-18,3.5,1.444444444,174.3076923,119.3333333,0,0
102863,2019-09-22,3119,punt,PUNT,0,PHI,PHI,DET,24,27,17,27,0.09030768,0.9096923,Half2,24,0,795,2019_03_DET_PHI,DET,0,3,0,0,92,8,3,0,10,1,1,0,7,0,703,27,17,27,24,10,3,-7,3.375,0,#DIV/0!,#DIV/0!,0,0
103008,2019-09-22,2324,punt,PUNT,0,LAC,LAC,HOU,20,27,17,7,0.79799986,0.20200014,Half2,23,0,1583,2019_03_HOU_LAC,HOU,1,8,55,7,217,6,4,6.875,-10,-1,1,20,3,0,1366,7,17,27,20,-10,7,17,1.166666667,5,79.15,31,0,0
103455,2019-09-22,218,punt,PUNT,0,SEA,SEA,NO,27,33,0,6,0.44885355,0.55114645,Half1,53,1,3439,2019_03_NO_SEA,NO,0,3,8,7,173,0,11,2.666666667,6,1,1,27,27,0,3266,6,0,33,27,6,6,0,#DIV/0!,2.454545455,127.3703704,24.71428571,0,0
105070,2019-09-29,1082,punt,PUNT,0,DAL,NO,DAL,12,10,3,3,0.35945836,0.6405417,Half1,23,0,2618,2019_04_DAL_NO,NO,1,7,27,3,285,2,7,3.857142857,0,0,1,9,7,0,2333,3,3,12,10,0,2,2,1.5,1.285714286,290.8888889,95,0,0
108071,2019-10-06,2704,punt,PUNT,0,LV,LV,CHI,24,21,17,14,0.6631936,0.33680642,Half2,71,0,1018,2019_05_CHI_OAK,CHI,1,1,16,7,25,7,3,16,-3,-1,-1,7,7,0,993,14,17,21,24,-3,-3,0,2,2.333333333,145.4285714,3.571428571,0,0
108215,2019-10-07,1986,punt,PUNT,0,CLE,SF,CLE,31,3,21,3,0.047449544,0.9525505,Half1,32,0,1858,2019_05_CLE_SF,SF,0,4,4,0,34,6,6,1,18,1,1,10,0,0,1824,21,3,31,3,18,28,10,3.5,1.666666667,185.8,#DIV/0!,0,0
108416,2019-10-06,2956,punt,PUNT,0,DEN,LAC,DEN,13,20,6,17,0.96297777,0.037022233,Half2,68,1,949,2019_05_DEN_LAC,LAC,1,4,29,10,128,8,4,7.25,-11,-1,-1,7,3,0,821,6,17,13,20,-11,-7,4,0.75,1.75,135.5714286,12.8,0,0
112115,2019-10-13,113,punt,PUNT,0,TEN,DEN,TEN,16,0,0,0,0.35638472,0.64361525,Half1,42,0,3517,2019_06_TEN_DEN,DEN,1,8,32,3,184,0,13,4,0,0,1,16,0,0,3333,0,0,16,0,0,16,16,#DIV/0!,1.230769231,219.8125,61.33333333,0,0
112431,2019-10-13,3587,punt,PUNT,0,WAS,MIA,WAS,16,17,10,17,0.8345038,0.16549617,Half2,21,0,388,2019_06_WAS_MIA,MIA,1,9,75,7,116,11,1,8.333333333,-7,-1,-1,6,0,0,272,10,17,16,17,-7,-1,6,0.9090909091,6,64.66666667,16.57142857,0,0
113228,2019-10-17,717,punt,PUNT,0,DEN,DEN,KC,6,30,6,7,0.42115992,0.5788401,Half1,36,0,2867,2019_07_KC_DEN,KC,1,4,6,3,91,1,11,1.5,1,1,1,23,0,0,2776,7,6,30,6,1,24,23,7,2.090909091,124.6521739,30.33333333,0,0
113461,2019-10-20,2229,punt,PUNT,0,ATL,ATL,LA,10,37,3,13,0.18057184,0.81942815,Half1,35,0,1832,2019_07_LA_ATL,LA,0,2,4,0,17,5,5,2,10,1,1,24,7,1,1815,13,3,37,10,10,27,17,2.6,4.8,76.33333333,#DIV/0!,0,0
114222,2019-10-21,3623,punt,PUNT,0,NYJ,NYJ,NE,0,33,0,33,0.000118860036,0.99988115,Half2,22,0,735,2019_07_NE_NYJ,NE,0,3,8,0,146,10,3,2.666666667,33,1,1,0,0,0,589,33,0,33,0,33,33,0,3.3,0,#DIV/0!,#DIV/0!,0,0
114348,2019-10-20,2314,punt,PUNT,0,CHI,CHI,NO,25,36,10,12,0.4126586,0.5873414,Half1,23,0,1909,2019_07_NO_CHI,NO,0,3,5,0,22,6,6,1.666666667,2,1,1,24,15,0,1887,12,10,36,25,2,11,9,2,4,79.54166667,#DIV/0!,0,0
114617,2019-10-20,3733,punt,PUNT,0,GB,GB,LV,42,24,42,17,0.99976856,0.00023144484,Half2,32,0,144,2019_07_OAK_GB,LV,1,4,40,7,37,8,1,10,-25,-1,-1,7,0,0,107,17,42,24,42,-25,-18,7,2.125,7,20.57142857,5.285714286,0,0
116052,2019-10-27,1041,punt,PUNT,0,LAC,CHI,LAC,16,17,3,0,0.30238178,0.69761825,Half1,24,0,2562,2019_08_LAC_CHI,CHI,0,5,12,0,138,3,8,2.4,3,1,-1,13,17,0,2424,3,0,16,17,3,-1,-4,1,1.625,197.0769231,#DIV/0!,0,0
116583,2019-10-27,999,punt,PUNT,0,NYJ,JAX,NYJ,29,15,13,7,0.23365533,0.76634467,Half1,24,0,2658,2019_08_NYJ_JAX,JAX,0,3,-1,0,58,3,9,-0.3333333333,6,1,1,16,8,0,2600,13,7,29,15,6,14,8,4.333333333,1.777777778,166.125,#DIV/0!,0,0
117339,2019-10-27,1717,punt,PUNT,0,TEN,TEN,TB,27,23,14,6,0.7852193,0.21478069,Half1,40,0,2179,2019_08_TB_TEN,TB,1,5,28,3,135,5,8,5.6,-8,-1,-1,17,13,0,2044,6,14,23,27,-8,-4,4,1.2,2.125,128.1764706,45,0,0
117729,2019-11-03,2871,punt,PUNT,0,PHI,PHI,CHI,22,14,19,7,0.86642,0.13358003,Half2,24,0,1151,2019_09_CHI_PHI,CHI,0,3,4,0,83,7,3,1.333333333,-12,-1,-1,7,3,0,1068,7,19,14,22,-12,-8,4,1,2.333333333,164.4285714,#DIV/0!,0,0
117796,2019-11-03,255,punt,PUNT,0,CLE,DEN,CLE,24,19,0,0,0.45054886,0.5494511,Half1,20,0,3370,2019_09_CLE_DEN,DEN,1,9,63,7,287,1,8,7,0,0,1,24,19,0,3083,0,0,24,19,0,5,5,0,3,140.4166667,41,0,0
120360,2019-11-10,1338,punt,PUNT,0,NO,NO,ATL,9,26,3,10,0.30264828,0.6973517,Half1,21,0,2368,2019_10_ATL_NO,ATL,0,3,4,0,150,2,7,1.333333333,7,1,1,16,6,0,2218,10,3,26,9,7,17,10,5,2.285714286,148,#DIV/0!,0,0
120802,2019-11-10,3481,punt,PUNT,0,CLE,CLE,BUF,19,16,12,9,0.6304856,0.3695144,Half2,22,0,563,2019_10_BUF_CLE,BUF,1,7,48,7,224,8,2,6.857142857,-3,-1,-1,7,7,0,339,9,12,16,19,-3,-3,0,1.125,3.5,80.42857143,32,0,0
121892,2019-11-10,2721,punt,PUNT,0,MIA,IND,MIA,12,16,3,10,0.7102392,0.28976083,Half2,21,0,1254,2019_10_MIA_IND,IND,1,10,28,3,303,8,4,2.8,-7,-1,-1,9,6,0,951,3,10,12,16,-7,-4,3,0.375,2.25,139.3333333,101,0,0
122399,2019-11-11,1796,punt,PUNT,0,SF,SF,SEA,24,27,10,7,0.5617844,0.4382156,Half1,20,0,1919,2019_10_SEA_SF,SEA,0,3,37,0,43,5,8,12.33333333,-3,-1,1,20,14,0,1876,7,10,27,24,-3,3,6,1.4,2.5,95.95,#DIV/0!,0,0
122769,2019-11-17,806,punt,PUNT,0,CAR,CAR,ATL,3,29,0,9,0.4282594,0.5717406,Half1,78,1,2778,2019_11_ATL_CAR,ATL,1,10,75,10,300,3,7,7.5,9,1,1,20,3,0,2478,9,0,29,3,9,26,17,3,2.857142857,138.9,30,0,0
123502,2019-11-17,1452,punt,PUNT,0,DAL,DET,DAL,27,35,7,10,0.4798097,0.5201903,Half1,32,0,2477,2019_11_DAL_DET,DET,1,6,45,7,197,4,6,7.5,-3,-1,-1,20,25,0,2280,7,10,27,35,-3,-8,-5,1.75,3.333333333,123.85,28.14285714,0,0
124579,2019-11-17,1040,punt,PUNT,0,TB,TB,NO,17,34,0,13,0.16396485,0.83603513,Half1,27,0,2527,2019_11_NO_TB,NO,1,13,51,7,402,3,5,3.923076923,13,1,1,21,17,0,2125,13,0,34,17,13,17,4,4.333333333,4.2,120.3333333,57.42857143,0,0
125092,2019-11-25,119,punt,PUNT,0,LA,LA,BAL,6,45,0,0,0.46170697,0.538293,Half1,20,0,3525,2019_12_BAL_LA,BAL,1,9,55,7,348,0,8,6.111111111,0,0,1,45,6,0,3177,0,0,45,6,0,39,39,#DIV/0!,5.625,78.33333333,49.71428571,0,0
126356,2019-11-24,1024,punt,PUNT,0,JAX,TEN,JAX,42,20,0,0,0.37796634,0.62203366,Half1,21,0,2451,2019_12_JAX_TEN,TEN,1,7,73,7,249,2,9,10.42857143,0,0,1,42,20,0,2202,0,0,42,20,0,22,22,0,4.666666667,58.35714286,35.57142857,0,0
126746,2019-11-24,1632,punt,PUNT,0,CHI,CHI,NYG,19,14,0,7,0.29330602,0.706694,Half1,40,0,2214,2019_12_NYG_CHI,NYG,0,4,5,0,53,4,8,1.25,7,1,-1,7,19,0,2161,7,0,14,19,7,-5,-12,1.75,0.875,316.2857143,#DIV/0!,0,0
126946,2019-11-24,1784,punt,PUNT,0,OAK,NYJ,LV,34,3,13,3,0.12901916,0.87098086,Half1,26,0,1920,2019_12_OAK_NYJ,NYJ,0,4,-5,0,69,3,8,-1.25,10,1,1,21,0,0,1851,13,3,34,3,10,31,21,4.333333333,2.625,91.42857143,#DIV/0!,0,0
130052,2019-12-01,3456,punt,PUNT,0,TB,JAX,TB,11,28,11,25,0.93865365,0.061346352,Half2,43,0,692,2019_13_TB_JAX,JAX,0,13,35,0,312,8,3,2.692307692,-14,-1,-1,0,3,0,380,11,25,11,28,-14,-17,-3,1.375,0,#DIV/0!,#DIV/0!,0,0
130163,2019-12-01,1460,punt,PUNT,0,TEN,IND,TEN,17,31,10,7,0.25287047,0.74712956,Half1,23,0,2045,2019_13_TEN_IND,IND,0,3,-2,0,120,4,8,-0.6666666667,3,1,-1,7,24,0,1925,10,7,17,31,3,-14,-17,2.5,0.875,292.1428571,#DIV/0!,0,0
132528,2019-12-08,653,punt,PUNT,0,ARI,ARI,PIT,17,23,0,9,0.35965383,0.64034617,Half1,85,1,2893,2019_14_PIT_ARI,PIT,0,1,0,7,6,1,8,0,9,1,1,14,17,0,2887,9,0,23,17,9,6,-3,9,1.75,206.6428571,0.8571428571,0,0
132591,2019-12-08,2021,punt,PUNT,0,PIT,ARI,PIT,17,23,10,13,0.5265271,0.4734729,Half2,29,0,1719,2019_14_PIT_ARI,ARI,0,9,35,0,315,5,4,3.888888889,-3,-1,-1,7,10,0,1404,10,13,17,23,-3,-6,-3,2,1.75,245.5714286,#DIV/0!,0,0
132885,2019-12-08,890,punt,PUNT,0,SF,NO,SF,46,48,13,7,0.2508532,0.7491468,Half1,25,0,2860,2019_14_SF_NO,NO,1,5,29,7,151,2,9,5.8,6,1,-1,33,41,0,2709,13,7,46,48,6,-2,-8,6.5,3.666666667,86.66666667,21.57142857,0,0
135570,2019-12-12,1845,punt,PUNT,0,BAL,BAL,NYJ,42,21,21,7,0.888845,0.11115497,Half1,21,0,1875,2019_15_NYJ_BAL,NYJ,0,3,6,0,45,4,8,2,-14,-1,-1,14,21,0,1830,7,21,21,42,-14,-21,-7,1.75,1.75,133.9285714,#DIV/0!,0,0
136741,2019-12-22,128,punt,PUNT,0,CAR,IND,CAR,38,6,0,0,0.35344067,0.64655936,Half1,40,0,3541,2019_16_CAR_IND,IND,1,8,36,7,287,0,10,4.5,0,0,1,38,6,0,3254,0,0,38,6,0,32,32,#DIV/0!,3.8,93.18421053,41,0,0
136757,2019-12-22,511,punt,PUNT,0,CAR,IND,CAR,38,6,13,0,0.19535452,0.8046455,Half1,84,1,3178,2019_16_CAR_IND,IND,0,6,11,7,65,1,9,1.833333333,13,1,1,25,6,0,3113,13,0,38,6,13,32,19,13,2.777777778,127.12,9.285714286,0,0
136882,2019-12-22,3442,punt,PUNT,0,CAR,IND,CAR,38,6,30,6,0.005708667,0.9942913,Half2,71,1,454,2019_16_CAR_IND,IND,1,8,76,14,214,8,2,9.5,24,1,1,8,0,0,240,30,6,38,6,24,32,8,3.75,4,56.75,15.28571429,0,0
137378,2019-12-22,1097,punt,PUNT,0,DEN,DEN,DET,27,17,0,9,0.40025148,0.5997485,Half1,64,1,2470,2019_16_DET_DEN,DET,0,3,1,7,59,3,6,0.3333333333,9,1,-1,8,27,0,2411,9,0,17,27,9,-10,-19,3,1.333333333,308.75,8.428571429,0,0
137662,2019-12-23,3779,punt,PUNT,0,GB,MIN,GB,10,23,10,23,0.99767464,0.002325356,Half2,23,0,162,2019_16_GB_MIN,MIN,0,4,-5,0,41,12,1,-1.25,-13,-1,-1,0,0,0,121,10,23,10,23,-13,-13,0,0.8333333333,0,#DIV/0!,#DIV/0!,0,0
138971,2019-12-22,775,punt,PUNT,0,PIT,NYJ,PIT,16,10,7,0,0.24131702,0.75868297,Half1,20,0,2823,2019_16_PIT_NYJ,NYJ,1,7,23,3,157,2,9,3.285714286,7,1,1,9,10,0,2666,7,0,16,10,7,6,-1,3.5,1,313.6666667,52.33333333,0,0
142572,2020-01-04,1280,punt,PUNT,0,TEN,NE,TEN,13,20,10,7,0.35395667,0.6460433,Half1,23,0,2293,2019_18_TEN_NE,NE,1,10,44,3,344,3,7,4.4,3,1,-1,3,13,0,1949,10,7,13,20,3,-7,-10,3.333333333,0.4285714286,764.3333333,114.6666667,0,0
143421,2020-01-19,595,punt,PUNT,0,GB,SF,GB,37,20,7,0,0.23567854,0.76432145,Half1,26,0,2851,2019_20_GB_SF,SF,1,5,15,3,141,2,7,3,7,1,1,30,20,0,2710,7,0,37,20,7,17,10,3.5,4.285714286,95.03333333,47,0,0
144603,2020-09-13,3370,punt,PUNT,0,LA,LA,DAL,20,17,20,17,0.6266638,0.3733362,Half2,20,0,931,2020_01_DAL_LA,DAL,0,9,55,0,216,7,3,6.111111111,-3,-1,-1,0,0,0,715,17,20,17,20,-3,-3,0,2.428571429,0,#DIV/0!,#DIV/0!,0,0
145278,2020-09-13,2783,punt,PUNT,0,LAC,CIN,LAC,13,16,10,6,0.24984427,0.75015575,Half2,22,0,1373,2020_01_LAC_CIN,CIN,1,11,43,3,368,8,4,3.909090909,4,1,-1,3,10,0,1005,10,6,13,16,4,-3,-7,1.25,0.75,457.6666667,122.6666667,0,0
145445,2020-09-13,2143,punt,PUNT,0,CAR,CAR,LV,30,34,15,17,0.42166615,0.57833385,Half2,27,0,1675,2020_01_LV_CAR,LV,1,6,15,3,184,4,5,2.5,2,1,1,17,15,0,1491,17,15,34,30,2,4,2,4.25,3.4,98.52941176,61.33333333,0,0
145731,2020-09-13,1155,punt,PUNT,0,NYJ,BUF,NYJ,27,17,14,0,0.11424475,0.88575524,Half1,23,0,2700,2020_01_NYJ_BUF,BUF,1,14,68,7,472,3,7,4.857142857,14,1,1,13,17,0,2228,14,0,27,17,14,10,-4,4.666666667,1.857142857,207.6923077,67.42857143,0,0
146115,2020-09-14,1146,punt,PUNT,0,PIT,NYG,PIT,16,26,10,3,0.23859012,0.7614099,Half1,20,0,2576,2020_01_PIT_NYG,NYG,0,1,0,0,9,4,6,0,7,1,-1,6,23,0,2567,10,3,16,26,7,-10,-17,2.5,1,429.3333333,#DIV/0!,0,0
148999,2020-09-20,3302,punt,PUNT,0,NE,SEA,NE,35,30,28,23,0.17805415,0.82194585,Half2,20,0,549,2020_02_NE_SEA,SEA,1,9,65,7,244,8,2,7.222222222,5,1,1,7,7,0,305,28,23,35,30,5,5,0,3.5,3.5,78.42857143,34.85714286,0,0
153310,2020-10-04,2623,punt,PUNT,0,LV,LV,BUF,23,30,16,17,0.4354112,0.5645888,Half2,38,0,1057,2020_04_BUF_LV,BUF,1,6,45,6,154,4,4,7.5,1,1,1,13,7,0,903,17,16,30,23,1,7,6,4.25,3.25,81.30769231,25.66666667,0,0
153488,2020-10-04,2736,punt,PUNT,0,CLE,DAL,CLE,38,49,14,38,0.99702555,0.0029744506,Half2,27,0,1386,2020_04_CLE_DAL,DAL,0,9,30,0,148,6,5,3.333333333,-24,-1,-1,24,11,0,1238,14,38,38,49,-24,-11,13,2.333333333,4.8,57.75,#DIV/0!,0,0
153710,2020-10-01,3216,punt,PUNT,0,NYJ,NYJ,DEN,28,37,16,24,0.15521888,0.8447811,Half2,41,0,967,2020_04_DEN_NYJ,DEN,1,4,8,3,101,6,5,2,8,1,1,13,12,0,866,24,16,37,28,8,9,1,4,2.6,74.38461538,33.66666667,0,0
153919,2020-10-04,3367,punt,PUNT,0,CHI,CHI,IND,11,19,3,16,0.050067052,0.94993293,Half2,21,0,858,2020_04_IND_CHI,IND,0,3,3,0,65,8,2,1,13,1,1,3,8,0,793,16,3,19,11,13,8,-5,2,1.5,286,#DIV/0!,0,0
154759,2020-10-04,1674,punt,PUNT,0,DET,DET,NO,29,35,14,21,0.21539561,0.7846044,Half1,22,0,1916,2020_04_NO_DET,NO,1,4,49,7,59,4,4,12.25,7,1,1,14,15,0,1857,21,14,35,29,7,6,-1,5.25,3.5,136.8571429,8.428571429,0,0
155597,2020-10-13,876,punt,PUNT,0,BUF,TEN,BUF,42,16,7,7,0.35679176,0.64320827,Half1,40,0,2834,2020_05_BUF_TEN,TEN,1,3,4,7,185,2,7,1.333333333,0,0,1,35,9,0,2649,7,7,42,16,0,26,26,3.5,5,80.97142857,26.42857143,0,0
158146,2020-10-18,745,punt,PUNT,0,MIN,MIN,ATL,23,40,0,10,0.19372948,0.80627054,Half1,24,0,2803,2020_06_ATL_MIN,ATL,0,3,28,0,85,2,9,9.333333333,10,1,1,30,23,0,2718,10,0,40,23,10,17,7,5,3.333333333,93.43333333,#DIV/0!,0,0
159734,2020-10-19,329,punt,PUNT,0,KC,BUF,KC,17,26,0,0,0.47000015,0.52999985,Half1,24,0,3322,2020_06_KC_BUF,BUF,1,11,38,3,267,1,8,3.454545455,0,0,-1,17,26,0,3055,0,0,17,26,0,-9,-9,0,2.125,195.4117647,89,0,0
160136,2020-10-18,1612,punt,PUNT,0,NYJ,MIA,NYJ,24,0,14,0,0.089029945,0.91097003,Half1,30,0,1972,2020_06_NYJ_MIA,MIA,1,3,48,7,41,5,8,16,14,1,1,10,0,0,1931,14,0,24,0,14,24,10,2.8,1.25,197.2,5.857142857,0,0
162208,2020-10-25,1711,punt,PUNT,0,TEN,TEN,PIT,24,27,7,17,0.19705984,0.80294013,Half1,57,0,1911,2020_07_PIT_TEN,PIT,1,3,17,7,43,3,6,5.666666667,10,1,1,10,17,0,1868,17,7,27,24,10,3,-7,5.666666667,1.666666667,191.1,6.142857143,0,0
163118,2020-11-01,1566,punt,PUNT,0,DAL,PHI,DAL,23,9,7,6,0.32090542,0.67909455,Half1,22,0,2005,2020_08_DAL_PHI,PHI,0,3,17,0,60,4,7,5.666666667,1,1,1,16,3,0,1945,7,6,23,9,1,14,13,1.75,2.285714286,125.3125,#DIV/0!,0,0
163480,2020-11-01,1473,punt,PUNT,0,LA,MIA,LA,28,17,20,7,0.19153771,0.80846226,Half1,88,1,2343,2020_08_LA_MIA,MIA,0,3,6,7,55,6,9,2,13,1,1,8,10,0,2288,20,7,28,17,13,11,-2,3.333333333,0.8888888889,292.875,7.857142857,0,0
163658,2020-11-01,1107,punt,PUNT,0,DEN,DEN,LAC,31,30,3,0,0.59183073,0.40816927,Half1,30,0,2492,2020_08_LAC_DEN,LAC,0,6,17,0,160,3,9,2.833333333,-3,-1,-1,30,28,0,2332,0,3,30,31,-3,-1,2,0,3.333333333,83.06666667,#DIV/0!,0,0
164414,2020-11-01,2365,punt,PUNT,0,CHI,CHI,NO,23,26,13,10,0.5947836,0.4052164,Half2,42,0,1568,2020_08_NO_CHI,NO,1,4,7,3,92,5,7,1.75,-3,-1,1,16,10,0,1476,10,13,26,23,-3,3,6,2,2.285714286,98,30.66666667,0,0
164883,2020-11-01,126,punt,PUNT,0,SEA,SEA,SF,37,27,0,0,0.45431122,0.54568875,Half1,20,0,3506,2020_08_SF_SEA,SF,0,5,25,0,173,0,10,5,0,0,-1,27,37,0,3333,0,0,27,37,0,-10,-10,#DIV/0!,2.7,129.8518519,#DIV/0!,0,0
165834,2020-11-08,745,punt,PUNT,0,CHI,TEN,CHI,24,17,3,0,0.34213337,0.6578666,Half1,21,0,2863,2020_09_CHI_TEN,TEN,0,3,-13,0,75,3,9,-4.333333333,3,1,1,21,17,0,2788,3,0,24,17,3,7,4,1,2.333333333,136.3333333,#DIV/0!,0,0
166234,2020-11-08,1326,punt,PUNT,0,MIN,MIN,DET,34,20,13,3,0.84431577,0.15568423,Half1,21,0,2122,2020_09_DET_MIN,DET,1,8,72,7,232,3,9,9,-10,-1,-1,17,21,0,1890,3,13,20,34,-10,-14,-4,1,1.888888889,124.8235294,33.14285714,0,0
167629,2020-11-08,1270,punt,PUNT,0,,DAL,PIT,19,24,10,0,0.14770386,0.8522961,Half1,73,0,2183,2020_09_PIT_DAL,DAL,1,4,5,3,135,3,8,1.25,10,1,-1,9,24,0,2048,10,0,19,24,10,-5,-15,3.333333333,1.125,242.5555556,45,0,0
168274,2020-11-15,3649,punt,PUNT,0,BUF,ARI,BUF,32,30,26,23,0.23262644,0.76737356,Half2,23,0,726,2020_10_BUF_ARI,ARI,0,5,33,0,154,8,4,6.6,3,1,1,6,7,0,572,26,23,32,30,3,2,-1,3.25,1.5,121,#DIV/0!,0,0
168484,2020-11-15,3874,punt,PUNT,0,CIN,PIT,CIN,36,10,29,7,0.0018314926,0.9981685,Half2,42,0,807,2020_10_CIN_PIT,PIT,1,5,15,7,161,12,2,3,22,1,1,7,3,0,646,29,7,36,10,22,26,4,2.416666667,3.5,115.2857143,23,0,0
169097,2020-11-15,1246,punt,PUNT,0,GB,GB,JAX,24,20,7,9,0.6187116,0.3812884,Half1,91,1,2425,2020_10_JAX_GB,JAX,0,3,12,7,47,4,7,4,2,1,-1,11,17,0,2378,9,7,20,24,2,-4,-6,2.25,1.571428571,220.4545455,6.714285714,1,1
169295,2020-11-15,1767,punt,PUNT,0,LAC,MIA,LAC,29,21,14,7,0.14420164,0.85579836,Half1,20,0,1881,2020_10_LAC_MIA,MIA,1,5,15,3,42,4,6,3,7,1,1,15,14,0,1839,14,7,29,21,7,8,1,3.5,2.5,125.4,14,0,0
169538,2020-11-16,3500,punt,PUNT,0,MIN,CHI,MIN,13,19,13,19,0.8096646,0.1903354,Half2,32,0,316,2020_10_MIN_CHI,CHI,0,5,11,0,177,9,2,2.2,-6,-1,-1,0,0,0,139,13,19,13,19,-6,-6,0,1.444444444,0,#DIV/0!,#DIV/0!,0,0
169709,2020-11-15,3373,punt,PUNT,0,PHI,NYG,PHI,27,17,21,17,0.17913494,0.82086504,Half2,20,0,674,2020_10_PHI_NYG,NYG,1,6,24,3,197,8,2,4,4,1,1,6,0,0,477,21,17,27,17,4,10,6,2.625,3,112.3333333,65.66666667,0,0
171154,2020-11-22,3469,punt,PUNT,0,MIN,MIN,DAL,28,31,28,24,0.69219744,0.30780256,Half2,20,0,252,2020_11_DAL_MIN,DAL,1,11,61,7,143,9,1,5.545454545,-4,-1,1,7,0,0,109,24,28,31,28,-4,3,7,2.666666667,7,36,20.42857143,0,0
173087,2020-11-29,2142,punt,PUNT,0,ARI,NE,ARI,20,17,7,10,0.5877027,0.4122973,Half2,58,0,1620,2020_12_ARI_NE,NE,1,8,35,3,237,4,5,4.375,-3,-1,1,13,7,0,1383,7,10,20,17,-3,3,6,1.75,2.6,124.6153846,79,0,0
173436,2020-11-29,2354,punt,PUNT,0,MIN,MIN,CAR,28,27,10,21,0.16928081,0.8307192,Half2,20,0,1613,2020_12_CAR_MIN,CAR,0,11,65,0,380,6,5,5.909090909,11,1,-1,6,18,0,1233,21,10,27,28,11,-1,-12,3.5,1.2,268.8333333,#DIV/0!,0,0
175106,2020-11-29,3846,punt,PUNT,0,NYG,CIN,NYG,17,19,17,19,0.82624453,0.17375547,Half2,29,0,71,2020_12_NYG_CIN,CIN,0,1,-13,0,8,10,1,-13,-2,-1,-1,0,0,0,63,17,19,17,19,-2,-2,0,1.7,0,#DIV/0!,#DIV/0!,0,0
175899,2020-12-07,1267,punt,PUNT,0,SF,SF,BUF,24,34,7,7,0.5614476,0.43855238,Half1,22,0,2443,2020_13_BUF_SF,BUF,1,14,69,7,469,3,6,4.928571429,0,0,1,27,17,0,1974,7,7,34,24,0,10,10,2.333333333,4.5,90.48148148,67,0,0
177780,2020-12-06,870,punt,PUNT,0,LAC,LAC,NE,0,45,0,13,0.31046617,0.6895338,Half1,70,1,2658,2020_13_NE_LAC,NE,0,6,28,7,259,2,9,4.666666667,13,1,1,32,0,0,2399,13,0,45,0,13,45,32,6.5,3.555555556,83.0625,37,0,0
177880,2020-12-06,3230,punt,PUNT,0,LAC,LAC,NE,0,45,0,35,0.00012027081,0.9998797,Half2,61,0,824,2020_13_NE_LAC,NE,1,4,3,3,124,7,3,0.75,35,1,1,10,0,0,700,35,0,45,0,35,45,10,5,3.333333333,82.4,41.33333333,0,0
178420,2020-12-06,3092,punt,PUNT,0,GB,GB,PHI,30,16,23,16,0.9672764,0.032723606,Half2,73,1,408,2020_13_PHI_GB,PHI,0,5,7,7,112,7,3,1.4,-7,-1,-1,0,7,0,296,16,23,16,30,-7,-14,-7,2.285714286,0,#DIV/0!,16,0,0
178660,2020-12-13,335,punt,PUNT,0,NYG,NYG,ARI,7,26,0,0,0.41830423,0.5816958,Half1,24,0,3259,2020_14_ARI_NYG,ARI,1,6,22,3,153,1,10,3.666666667,0,0,1,26,7,0,3106,0,0,26,7,0,19,19,0,2.6,125.3461538,51,0,0
178957,2020-12-13,3132,punt,PUNT,0,LAC,LAC,ATL,20,17,17,17,0.4404501,0.5595499,Half2,20,0,547,2020_14_ATL_LAC,ATL,0,11,33,0,308,6,2,3,0,0,-1,0,3,0,239,17,17,17,20,0,-3,-3,2.833333333,0,#DIV/0!,#DIV/0!,0,0
179369,2020-12-13,288,punt,PUNT,0,CAR,CAR,DEN,27,32,0,6,0.5413867,0.45861328,Half1,83,1,3339,2020_14_DEN_CAR,DEN,0,5,19,7,199,1,9,3.8,6,1,1,26,27,0,3140,6,0,32,27,6,5,-1,6,2.888888889,128.4230769,28.42857143,0,0
180168,2020-12-13,2196,punt,PUNT,0,MIA,MIA,KC,27,33,10,27,0.16170631,0.8382937,Half2,67,1,1684,2020_14_KC_MIA,KC,0,5,64,7,177,7,6,12.8,17,1,1,6,17,0,1507,27,10,33,27,17,6,-11,3.857142857,1,280.6666667,25.28571429,0,0
180569,2020-12-10,3050,punt,PUNT,0,LA,LA,NE,24,3,24,3,0.9968861,0.0031139255,Half2,21,0,627,2020_14_NE_LA,NE,0,7,18,0,176,8,3,2.571428571,-21,-1,-1,0,0,0,451,3,24,3,24,-21,-21,0,0.375,0,#DIV/0!,#DIV/0!,0,0
181323,2020-12-13,519,punt,PUNT,0,SF,SF,WAS,15,23,0,0,0.48865053,0.51134944,Half1,22,0,3201,2020_14_WAS_SF,WAS,0,8,25,0,179,1,14,3.125,0,0,1,23,15,0,3022,0,0,23,15,0,8,8,0,1.642857143,139.173913,#DIV/0!,0,0
182618,2020-12-20,1898,punt,PUNT,0,JAX,BAL,JAX,40,14,26,0,0.0037657698,0.99623424,Half1,20,0,1835,2020_15_JAX_BAL,BAL,0,2,11,0,26,5,4,5.5,26,1,1,14,14,1,1809,26,0,40,14,26,26,0,5.2,3.5,131.0714286,#DIV/0!,0,0
183407,2020-12-20,3637,punt,PUNT,0,NYJ,LA,NYJ,20,23,20,23,0.60971946,0.39028054,Half2,34,0,347,2020_15_NYJ_LA,LA,0,5,6,0,99,10,1,1.2,-3,-1,-1,0,0,0,248,20,23,20,23,-3,-3,0,2,0,#DIV/0!,#DIV/0!,0,0
184321,2020-12-20,3162,punt,PUNT,0,ATL,ATL,TB,27,31,24,21,0.6057899,0.3942101,Half2,21,0,877,2020_15_TB_ATL,TB,1,9,42,3,195,7,3,4.666666667,-3,-1,1,10,3,0,682,21,24,31,27,-3,4,7,3,3.333333333,87.7,65,0,0
185521,2020-12-27,2319,punt,PUNT,0,LAC,LAC,DEN,19,16,13,0,0.9052208,0.09477919,Half2,21,0,1440,2020_16_DEN_LAC,DEN,1,8,41,3,222,5,5,5.125,-13,-1,-1,16,6,0,1218,0,13,16,19,-13,-3,10,0,3.2,90,74,0,0
185642,2020-12-27,820,punt,PUNT,0,PIT,PIT,IND,28,24,0,7,0.28917187,0.7108281,Half1,26,0,2700,2020_16_IND_PIT,IND,0,1,-9,0,9,2,10,-9,7,1,-1,17,28,0,2691,7,0,24,28,7,-4,-11,3.5,1.7,158.8235294,#DIV/0!,0,0
185667,2020-12-27,1394,punt,PUNT,0,PIT,PIT,IND,28,24,7,14,0.23889749,0.7611025,Half1,22,0,2102,2020_16_IND_PIT,IND,1,2,43,7,48,4,8,21.5,7,1,-1,10,21,0,2054,14,7,24,28,7,-4,-11,3.5,1.25,210.2,6.857142857,0,0
185982,2020-12-26,214,punt,PUNT,0,MIA,LV,MIA,25,26,0,0,0.42391655,0.5760834,Half1,32,0,3396,2020_16_MIA_LV,LV,1,7,43,7,176,1,10,6.142857143,0,0,-1,25,26,0,3220,0,0,25,26,0,-1,-1,0,2.5,135.84,25.14285714,0,0
187020,2020-12-26,2547,punt,PUNT,0,TB,DET,TB,7,47,6,40,0.9982522,0.001747787,Half2,74,1,1478,2020_16_TB_DET,DET,0,6,34,7,200,7,4,5.666666667,-34,-1,-1,1,7,0,1278,6,40,7,47,-34,-40,-6,0.8571428571,0.25,1478,28.57142857,0,0
187732,2021-01-03,3224,punt,PUNT,0,BAL,CIN,BAL,3,38,3,38,0.9997837,0.00021630526,Half2,28,0,367,2020_17_BAL_CIN,CIN,0,6,32,0,185,9,2,5.333333333,-35,-1,-1,0,0,0,182,3,38,3,38,-35,-35,0,0.3333333333,0,#DIV/0!,#DIV/0!,0,0
187797,2021-01-03,1174,punt,PUNT,0,DAL,NYG,DAL,23,19,6,3,0.33641016,0.66358984,Half1,20,0,2515,2020_17_DAL_NYG,NYG,0,3,3,0,59,4,7,1,3,1,1,17,16,0,2456,6,3,23,19,3,4,1,1.5,2.428571429,147.9411765,#DIV/0!,0,0
188522,2021-01-03,1983,punt,PUNT,0,DEN,DEN,LV,31,32,10,10,0.5422896,0.4577104,Half1,21,0,1912,2020_17_LV_DEN,LV,1,6,56,7,73,5,8,9.333333333,0,0,1,22,21,0,1839,10,10,32,31,0,1,1,2,2.75,86.90909091,10.42857143,0,0
188707,2021-01-03,1586,punt,PUNT,0,MIA,BUF,MIA,56,26,20,3,0.15214232,0.8478577,Half1,84,1,2144,2020_17_MIA_BUF,BUF,1,4,75,14,44,5,9,18.75,17,1,1,36,23,0,2100,20,3,56,26,17,30,13,4,4,59.55555556,3.142857143,0,0
189642,2021-01-03,2235,punt,PUNT,0,SEA,SF,SEA,23,26,6,6,0.37456393,0.62543607,Half2,21,0,1419,2020_17_SEA_SF,SF,1,5,34,3,131,6,5,6.8,0,0,-1,17,20,0,1288,6,6,23,26,0,-3,-3,1,3.4,83.47058824,43.66666667,0,0
189991,2021-01-03,1653,punt,PUNT,0,PHI,PHI,WAS,14,20,14,10,0.58956045,0.41043955,Half1,20,0,1897,2020_17_WAS_PHI,WAS,1,9,55,7,64,4,8,6.111111111,-4,-1,1,10,0,0,1833,10,14,20,14,-4,6,10,2.5,1.25,189.7,9.142857143,0,0
191700,2021-01-17,136,punt,PUNT,0,TB,NO,TB,20,30,0,0,0.3893794,0.6106206,Half1,54,0,3516,2020_19_TB_NO,NO,1,6,16,3,108,0,10,2.666666667,0,0,-1,20,30,0,3408,0,0,20,30,0,-10,-10,#DIV/0!,2,175.8,36,0,0
192627,2021-09-13,643,punt,PUNT,0,LV,LV,BAL,33,27,0,0,0.46454927,0.5354507,Half1,22,0,2999,2021_01_BAL_LV,BAL,1,6,65,7,179,1,11,10.83333333,0,0,-1,27,33,0,2820,0,0,27,33,0,-6,-6,0,2.454545455,111.0740741,25.57142857,0,0
192708,2021-09-13,2479,punt,PUNT,0,LV,LV,BAL,33,27,10,14,0.27340218,0.7265978,Half2,30,0,1563,2021_01_BAL_LV,BAL,1,3,-3,3,144,6,6,-1,4,1,-1,13,23,0,1419,14,10,27,33,4,-6,-10,2.333333333,2.166666667,120.2307692,48,0,0
195517,2021-09-19,114,punt,PUNT,0,MIA,MIA,BUF,0,35,0,0,0.45431122,0.54568875,Half1,20,0,3480,2021_02_BUF_MIA,BUF,1,2,46,7,12,0,12,23,0,0,1,35,0,0,3468,0,0,35,0,0,35,35,#DIV/0!,2.916666667,99.42857143,1.714285714,0,0
196165,2021-09-19,2909,punt,PUNT,0,JAX,JAX,DEN,13,23,7,20,0.04841681,0.9515832,Half2,25,0,915,2021_02_DEN_JAX,DEN,0,3,9,0,94,8,2,3,13,1,1,3,6,0,821,20,7,23,13,13,10,-3,2.5,1.5,305,#DIV/0!,0,0
198153,2021-09-26,364,punt,PUNT,0,JAX,JAX,ARI,19,31,0,0,0.4710029,0.52899706,Half1,27,0,3321,2021_03_ARI_JAX,ARI,1,7,56,7,202,1,11,8,0,0,1,31,19,0,3119,0,0,31,19,0,12,12,0,2.818181818,107.1290323,28.85714286,0,0
198551,2021-09-26,1498,punt,PUNT,0,DET,DET,BAL,17,19,0,3,0.36304036,0.6369597,Half1,29,0,2228,2021_03_BAL_DET,BAL,1,8,65,7,219,4,6,8.125,3,1,1,16,17,0,2009,3,0,19,17,3,2,-1,0.75,2.666666667,139.25,31.28571429,0,0
198924,2021-09-26,2126,punt,PUNT,0,CHI,CLE,CHI,26,6,10,3,0.18551904,0.81448096,Half2,23,0,1752,2021_03_CHI_CLE,CLE,1,7,21,3,262,5,5,3,7,1,1,16,3,0,1490,10,3,26,6,7,20,13,2,3.2,109.5,87.33333333,0,0
198985,2021-09-26,3510,punt,PUNT,0,CHI,CLE,CHI,26,6,23,6,0.010319276,0.9896807,Half2,24,0,570,2021_03_CHI_CLE,CLE,1,10,41,3,335,9,1,4.1,17,1,1,3,0,0,235,23,6,26,6,17,20,3,2.555555556,3,190,111.6666667,0,0
199964,2021-09-26,224,punt,PUNT,0,NE,NE,NO,13,28,0,0,0.57158923,0.42841077,Half1,25,0,3468,2021_03_NO_NE,NO,1,11,69,7,298,1,10,6.272727273,0,0,1,28,13,0,3170,0,0,28,13,0,15,15,0,2.8,123.8571429,42.57142857,0,0
201279,2021-10-03,1891,punt,PUNT,0,DEN,DEN,BAL,7,23,7,14,0.21361913,0.7863809,Half1,42,0,1848,2021_04_BAL_DEN,BAL,1,5,4,3,31,6,6,0.8,7,1,1,9,0,0,1817,14,7,23,7,7,16,9,2.333333333,1.5,205.3333333,10.33333333,0,0
201893,2021-10-03,3615,punt,PUNT,0,CHI,CHI,DET,24,14,24,14,0.9150345,0.08496553,Half2,22,0,464,2021_04_DET_CHI,DET,0,12,58,0,196,8,1,4.833333333,-10,-1,-1,0,0,0,268,14,24,14,24,-10,-10,0,1.75,0,#DIV/0!,#DIV/0!,0,0
202906,2021-10-03,3198,punt,PUNT,0,NO,NO,NYG,21,27,21,10,0.9535579,0.04644209,Half2,26,0,434,2021_04_NYG_NO,NYG,1,1,54,8,9,8,3,54,-11,-1,1,17,0,0,425,10,21,27,21,-11,6,17,1.25,5.666666667,25.52941176,1.125,0,0
203514,2021-10-03,647,punt,PUNT,0,NYJ,NYJ,TEN,27,24,0,3,0.36778507,0.6322149,Half1,22,0,2956,2021_04_TEN_NYJ,TEN,1,11,56,3,370,1,12,5.090909091,3,1,-1,21,27,0,2586,3,0,24,27,3,-3,-6,3,1.75,140.7619048,123.3333333,0,0
204182,2021-10-10,2152,punt,PUNT,1,LV,LV,CHI,9,20,3,14,0.1695282,0.8304718,Half2,21,0,1730,2021_05_CHI_LV,CHI,0,3,9,0,114,5,5,3,11,1,1,6,6,0,1616,14,3,20,9,11,11,0,2.8,1.2,288.3333333,#DIV/0!,0,0
206297,2021-10-10,1085,punt,PUNT,0,PHI,CAR,PHI,18,21,10,3,0.21760544,0.7823945,Half1,22,0,2736,2021_05_PHI_CAR,CAR,0,6,23,0,155,3,11,3.833333333,7,1,-1,8,18,0,2581,10,3,18,21,7,-3,-10,3.333333333,0.7272727273,342,#DIV/0!,0,0
206355,2021-10-10,2463,punt,PUNT,0,CAR,CAR,PHI,18,21,15,6,0.81124157,0.18875843,Half2,22,0,1667,2021_05_PHI_CAR,PHI,0,3,16,0,91,8,7,5.333333333,-9,-1,1,15,3,0,1576,6,15,21,18,-9,3,12,0.75,2.142857143,111.1333333,#DIV/0!,0,0
206895,2021-10-17,2787,punt,PUNT,0,ARI,CLE,ARI,14,37,14,23,0.8063057,0.1936943,Half2,21,0,1506,2021_06_ARI_CLE,CLE,0,5,22,0,209,7,3,4.4,-9,-1,-1,0,14,0,1297,14,23,14,37,-9,-23,-14,2,0,#DIV/0!,#DIV/0!,0,0
207408,2021-10-17,2257,punt,PUNT,0,DAL,NE,DAL,29,35,14,10,0.25786287,0.74213713,Half2,23,0,1592,2021_06_DAL_NE,NE,0,3,8,0,122,5,6,2.666666667,4,1,-1,15,25,0,1470,14,10,29,35,4,-6,-10,2.8,2.5,106.1333333,#DIV/0!,0,0
207886,2021-10-17,994,punt,PUNT,0,WAS,WAS,KC,13,31,3,7,0.30293748,0.6970625,Half1,31,0,2632,2021_06_KC_WAS,KC,1,4,7,3,66,2,9,1.75,4,1,1,24,10,0,2566,7,3,31,13,4,18,14,3.5,2.666666667,109.6666667,22,0,0
207972,2021-10-17,3129,punt,PUNT,0,WAS,WAS,KC,13,31,13,17,0.29034477,0.7096552,Half2,25,0,1072,2021_06_KC_WAS,KC,1,8,45,7,216,8,3,5.625,4,1,1,14,0,0,856,17,13,31,13,4,18,14,2.125,4.666666667,76.57142857,30.85714286,0,0
209680,2021-10-24,128,punt,PUNT,0,CHI,TB,CHI,38,3,0,0,0.35344067,0.64655936,Half1,43,0,3484,2021_07_CHI_TB,TB,1,2,32,7,51,0,12,16,0,0,1,38,3,0,3433,0,0,38,3,0,35,35,#DIV/0!,3.166666667,91.68421053,7.285714286,0,0
209901,2021-10-24,1094,punt,PUNT,0,CIN,BAL,CIN,17,41,3,3,0.40415457,0.59584546,Half1,21,0,2515,2021_07_CIN_BAL,BAL,0,6,31,0,256,3,9,5.166666667,0,0,-1,14,38,0,2259,3,3,17,41,0,-24,-24,1,1.555555556,179.6428571,#DIV/0!,0,0
210400,2021-10-24,393,punt,PUNT,0,ARI,ARI,HOU,31,5,0,0,0.48014095,0.5198591,Half1,20,0,3217,2021_07_HOU_ARI,HOU,0,7,18,0,317,1,10,2.571428571,0,0,-1,5,31,0,2900,0,0,5,31,0,-26,-26,0,0.5,643.4,#DIV/0!,0,0
212417,2021-10-31,2427,punt,PUNT,0,JAX,SEA,JAX,31,7,24,0,0.004732318,0.9952677,Half2,20,0,1328,2021_08_JAX_SEA,SEA,0,3,-1,0,236,6,4,-0.3333333333,24,1,1,7,7,0,1092,24,0,31,7,24,24,0,4,1.75,189.7142857,#DIV/0!,0,0
212885,2021-10-31,710,punt,PUNT,0,LAC,LAC,NE,24,27,7,7,0.49344638,0.50655365,Half1,21,0,2875,2021_08_NE_LAC,NE,0,5,11,0,172,1,10,2.2,0,0,1,20,17,0,2703,7,7,27,24,0,3,3,7,2,143.75,#DIV/0!,0,0
212914,2021-10-31,1378,punt,PUNT,0,LAC,LAC,NE,24,27,14,7,0.63896775,0.36103225,Half1,22,0,2224,2021_08_NE_LAC,NE,1,9,30,3,202,3,8,3.333333333,-7,-1,1,20,10,0,2022,7,14,27,24,-7,3,10,2.333333333,2.5,111.2,67.33333333,0,0
212962,2021-10-31,2477,punt,PUNT,0,LAC,LAC,NE,24,27,14,13,0.5765992,0.42340082,Half2,27,0,1441,2021_08_NE_LAC,NE,1,10,31,3,309,7,4,3.1,-1,-1,1,14,10,0,1132,13,14,27,24,-1,3,4,1.857142857,3.5,102.9285714,103,0,0
213700,2021-10-31,2912,punt,PUNT,0,CHI,CHI,SF,22,33,16,15,0.5710472,0.4289528,Half2,21,0,1031,2021_08_SF_CHI,SF,1,6,52,8,279,6,2,8.666666667,-1,-1,1,18,6,0,752,15,16,33,22,-1,11,12,2.5,9,57.27777778,34.875,0,0
214433,2021-11-07,3253,punt,PUNT,0,ARI,SF,ARI,17,31,14,31,0.97684014,0.023159862,Half2,27,0,671,2021_09_ARI_SF,SF,1,7,28,3,154,8,2,4,-17,-1,-1,3,0,0,517,14,31,17,31,-17,-14,3,1.75,1.5,223.6666667,51.33333333,0,0
214638,2021-11-07,4101,punt,PUNT,0,ATL,NO,ATL,25,27,19,24,0.7288337,0.27116632,Half2,26,0,179,2021_09_ATL_NO,NO,1,5,43,7,105,9,1,8.6,-5,-1,-1,6,3,0,74,19,24,25,27,-5,-2,3,2.111111111,6,29.83333333,15,0,0
217192,2021-11-14,834,punt,PUNT,0,NYJ,NYJ,BUF,17,45,0,10,0.19611669,0.8038833,Half1,26,0,2918,2021_10_BUF_NYJ,BUF,0,3,-9,0,163,2,9,-3,10,1,1,35,17,0,2755,10,0,45,17,10,28,18,5,3.888888889,83.37142857,#DIV/0!,0,0
217710,2021-11-14,992,punt,PUNT,0,PIT,PIT,DET,16,16,7,0,0.67903763,0.32096237,Half1,48,0,2667,2021_10_DET_PIT,DET,1,3,39,7,88,3,11,13,-7,-1,0,16,9,0,2579,0,7,16,16,-7,0,7,0,1.454545455,166.6875,12.57142857,0,0
218097,2021-11-14,769,punt,PUNT,0,LV,LV,KC,14,41,0,7,0.32496205,0.675038,Half1,37,0,2745,2021_10_KC_LV,KC,1,9,53,3,273,2,8,5.888888889,7,1,1,34,14,0,2472,7,0,41,14,7,27,20,3.5,4.25,80.73529412,91,0,0
218416,2021-11-14,290,punt,PUNT,0,LAC,LAC,MIN,20,27,0,0,0.5388197,0.46118033,Half1,45,0,3291,2021_10_MIN_LAC,MIN,0,3,-1,0,69,1,9,-0.3333333333,0,0,1,27,20,0,3222,0,0,27,20,0,7,7,0,3,121.8888889,#DIV/0!,0,0
222471,2021-11-25,1414,punt,PUNT,0,DET,DET,CHI,14,16,7,3,0.7380005,0.2619995,Half1,22,0,2136,2021_12_CHI_DET,CHI,1,2,69,7,52,3,7,34.5,-4,-1,1,13,7,0,2084,3,7,16,14,-4,2,6,1,1.857142857,164.3076923,7.428571429,0,0
222625,2021-11-28,1158,punt,PUNT,0,CLE,BAL,CLE,16,10,3,0,0.27251944,0.72748053,Half1,22,0,2566,2021_12_CLE_BAL,BAL,1,17,59,3,521,2,9,3.470588235,3,1,1,13,10,0,2045,3,0,16,10,3,6,3,1.5,1.444444444,197.3846154,173.6666667,0,0
223132,2021-11-25,122,punt,PUNT,0,DAL,DAL,LV,33,36,0,0,0.501189,0.498811,Half1,21,0,3495,2021_12_LV_DAL,LV,1,3,71,7,75,0,13,23.66666667,0,0,1,36,33,0,3420,0,0,36,33,0,3,3,#DIV/0!,2.769230769,97.08333333,10.71428571,0,0
226387,2021-12-05,1548,punt,PUNT,0,NYJ,NYJ,PHI,18,33,18,21,0.32450476,0.67549527,Half1,20,0,1942,2021_13_PHI_NYJ,PHI,1,10,34,3,111,3,5,3.4,3,1,1,12,0,0,1831,21,18,33,18,3,15,12,7,2.4,161.8333333,37,0,0
226535,2021-12-05,1101,punt,PUNT,0,SEA,SEA,SF,30,23,7,14,0.2488806,0.7511194,Half1,22,0,2700,2021_13_SF_SEA,SF,1,9,31,3,302,4,8,3.444444444,7,1,-1,9,23,0,2398,14,7,23,30,7,-7,-14,3.5,1.125,300,100.6666667,0,0
227616,2021-12-12,299,punt,PUNT,0,GB,GB,CHI,45,30,0,0,0.54606485,0.45393515,Half1,34,0,3262,2021_14_CHI_GB,CHI,1,10,39,3,287,1,12,3.9,0,0,-1,30,45,0,2975,0,0,30,45,0,-15,-15,0,2.5,108.7333333,95.66666667,0,0
227678,2021-12-12,1759,punt,PUNT,0,GB,GB,CHI,45,30,14,23,0.4425503,0.5574497,Half1,97,1,1914,2021_14_CHI_GB,CHI,1,6,32,10,44,5,8,5.333333333,9,1,-1,7,31,1,1870,23,14,30,45,9,-15,-24,4.6,0.875,273.4285714,4.4,0,0
228711,2021-12-12,1002,punt,PUNT,0,NO,NYJ,NO,9,30,0,3,0.5896511,0.4103489,Half1,28,0,2604,2021_14_NO_NYJ,NYJ,1,9,38,3,190,3,9,4.222222222,-3,-1,-1,9,27,0,2414,0,3,9,30,-3,-21,-18,0,1,289.3333333,63.33333333,0,0
229371,2021-12-12,3117,punt,PUNT,0,HOU,HOU,SEA,13,33,13,19,0.20534627,0.7946537,Half2,22,0,711,2021_14_SEA_HOU,SEA,1,10,67,8,250,7,3,6.7,6,1,1,14,0,0,461,19,13,33,13,6,20,14,2.714285714,4.666666667,50.78571429,31.25,0,0
229936,2021-12-19,3175,punt,PUNT,0,SF,SF,ATL,31,13,31,13,0.9903138,0.009686172,Half2,23,0,588,2021_15_ATL_SF,ATL,0,10,46,0,268,8,1,4.6,-18,-1,-1,0,0,0,320,13,31,13,31,-18,-18,0,1.625,0,#DIV/0!,#DIV/0!,0,0
230801,2021-12-19,2707,punt,PUNT,0,HOU,JAX,HOU,16,30,13,23,0.8212673,0.1787327,Half2,48,0,1133,2021_15_HOU_JAX,JAX,0,3,8,0,97,6,5,2.666666667,-10,-1,-1,3,7,0,1036,13,23,16,30,-10,-14,-4,2.166666667,0.6,377.6666667,#DIV/0!,0,0
231060,2021-12-20,219,punt,PUNT,0,CLE,CLE,LV,14,16,0,0,0.48805323,0.5119468,Half1,29,0,3366,2021_15_LV_CLE,LV,1,11,58,7,432,0,10,5.272727273,0,0,1,16,14,0,2934,0,0,16,14,0,2,2,#DIV/0!,1.6,210.375,61.71428571,0,0
231093,2021-12-20,1059,punt,PUNT,0,LV,CLE,LV,14,16,0,7,0.69977576,0.30022424,Half1,20,0,2569,2021_15_LV_CLE,CLE,0,3,8,0,125,2,8,2.666666667,-7,-1,-1,14,9,0,2444,0,7,14,16,-7,-2,5,0,1.75,183.5,#DIV/0!,0,0
231621,2021-12-19,766,punt,PUNT,0,TB,TB,NO,0,9,0,3,0.47264323,0.52735674,Half1,34,0,2942,2021_15_NO_TB,NO,1,8,40,3,233,2,10,5,3,1,1,6,0,0,2709,3,0,9,0,3,9,6,1.5,0.6,490.3333333,77.66666667,0,0
232123,2021-12-19,347,punt,PUNT,0,PIT,PIT,TEN,19,13,0,0,0.4986434,0.5013566,Half1,55,0,3329,2021_15_TEN_PIT,TEN,1,6,25,7,149,1,10,4.166666667,0,0,-1,13,19,0,3180,0,0,13,19,0,-6,-6,0,1.3,256.0769231,21.28571429,0,0
232854,2021-12-26,972,punt,PUNT,0,SEA,SEA,CHI,24,25,7,0,0.6441189,0.3558811,Half1,28,0,2633,2021_16_CHI_SEA,CHI,1,5,15,7,205,2,7,3,-7,-1,1,25,17,0,2428,0,7,25,24,-7,1,8,0,3.571428571,105.32,29.28571429,1,0
233541,2021-12-25,2288,punt,PUNT,0,IND,ARI,IND,16,22,6,12,0.7116221,0.28837788,Half2,48,0,1650,2021_16_IND_ARI,ARI,1,3,42,7,82,4,5,14,-6,-1,-1,10,10,0,1568,6,12,16,22,-6,-6,0,1.5,2,165,11.71428571,0,0
233914,2021-12-26,2568,punt,PUNT,0,MIN,MIN,LA,23,30,10,19,0.35968894,0.64031106,Half2,61,1,1342,2021_16_LA_MIN,LA,1,11,75,14,335,8,3,6.818181818,9,1,1,11,13,0,1007,19,10,30,23,9,7,-2,2.375,3.666666667,122,23.92857143,0,0
234421,2021-12-26,2496,punt,PUNT,0,NYG,PHI,NYG,34,10,10,3,0.17826015,0.82173985,Half2,39,0,1502,2021_16_NYG_PHI,PHI,1,4,2,3,119,7,5,0.5,7,1,1,24,7,0,1383,10,3,34,10,7,24,17,1.428571429,4.8,62.58333333,39.66666667,0,0
234679,2021-12-26,3997,punt,PUNT,0,KC,KC,PIT,36,10,36,10,0.99987376,0.00012624264,Half2,20,0,148,2021_16_PIT_KC,PIT,0,10,54,0,136,9,1,5.4,-26,-1,-1,0,0,1,12,10,36,10,36,-26,-26,0,1.111111111,0,#DIV/0!,#DIV/0!,1,0
234951,2021-12-26,2222,punt,PUNT,0,CAR,CAR,TB,6,32,6,19,0.088432774,0.9115672,Half2,20,0,1663,2021_16_TB_CAR,TB,1,9,51,3,236,5,5,5.666666667,13,1,1,13,0,0,1427,19,6,32,6,13,26,13,3.8,2.6,127.9230769,78.66666667,0,0
235065,2021-12-26,658,punt,PUNT,0,WAS,DAL,WAS,56,14,7,0,0.27996972,0.7200303,Half1,21,0,3082,2021_16_WAS_DAL,DAL,1,8,74,7,180,2,10,9.25,7,1,1,49,14,0,2902,7,0,56,14,7,42,35,3.5,4.9,62.89795918,25.71428571,0,0
236635,2022-01-02,577,punt,PUNT,0,CIN,CIN,KC,34,31,0,7,0.373063,0.62693703,Half1,29,0,3113,2021_17_KC_CIN,KC,1,7,63,7,230,2,6,9,7,1,-1,24,34,0,2883,7,0,31,34,7,-3,-10,3.5,4,129.7083333,32.85714286,0,0
236992,2022-01-02,660,punt,PUNT,0,IND,IND,LV,20,23,0,7,0.35451648,0.6454835,Half1,41,0,2877,2021_17_LV_IND,LV,1,4,6,3,210,2,7,1.5,7,1,1,16,20,0,2667,7,0,23,20,7,3,-4,3.5,2.285714286,179.8125,70,0,0
237387,2022-01-02,2097,punt,PUNT,0,MIN,GB,MIN,37,10,20,3,0.053397425,0.9466026,Half2,21,0,1712,2021_17_MIN_GB,GB,1,7,37,7,231,6,4,5.285714286,17,1,1,17,7,0,1481,20,3,37,10,17,27,10,3.333333333,4.25,100.7058824,33,1,0
238757,2022-01-09,1929,punt,PUNT,0,DET,DET,GB,37,30,17,13,0.61872834,0.38127166,Half2,23,0,1785,2021_18_GB_DET,GB,0,3,1,0,92,4,6,0.3333333333,-4,-1,-1,17,20,0,1693,13,17,30,37,-4,-7,-3,3.25,2.833333333,105,#DIV/0!,0,0
240063,2022-01-09,3133,punt,PUNT,0,BAL,BAL,PIT,13,16,10,6,0.6854381,0.3145619,Half2,23,0,499,2021_18_PIT_BAL,PIT,1,10,50,7,313,10,3,5,-4,-1,1,10,3,0,186,6,10,16,13,-4,3,7,0.6,3.333333333,49.9,44.71428571,0,1
240360,2022-01-09,1063,punt,PUNT,0,SF,LA,SF,24,27,10,0,0.13728641,0.8627136,Half1,31,0,2308,2021_18_SF_LA,LA,1,3,19,7,90,2,8,6.333333333,10,1,-1,14,27,0,2218,10,0,24,27,10,-3,-13,5,1.75,164.8571429,12.85714286,0,0
241308,2022-01-15,3170,punt,PUNT,0,NE,BUF,NE,47,17,40,10,7.21E-05,0.9999279,Half2,52,0,632,2021_19_NE_BUF,BUF,1,3,39,3,96,6,1,13,30,1,1,7,7,0,536,40,10,47,17,30,30,0,6.666666667,7,90.28571429,32,0,0
241479,2022-01-16,3334,punt,PUNT,0,TB,TB,PHI,31,15,31,0,0.99982786,0.00017213821,Half2,31,0,784,2021_19_PHI_TB,PHI,1,2,65,7,40,9,2,32.5,-31,-1,-1,15,0,0,744,0,31,15,31,-31,-16,15,0,7.5,52.26666667,5.714285714,0,0
241526,2022-01-16,118,punt,PUNT,0,PIT,KC,PIT,42,21,0,0,0.35344067,0.64655936,Half1,21,0,3512,2021_19_PIT_KC,KC,0,3,2,0,80,0,12,0.6666666667,0,0,1,42,21,0,3432,0,0,42,21,0,21,21,#DIV/0!,3.5,83.61904762,#DIV/0!,1,0
241543,2022-01-16,499,punt,PUNT,0,PIT,KC,PIT,42,21,0,0,0.3379735,0.6620265,Half1,48,0,3106,2021_19_PIT_KC,KC,0,1,0,0,8,2,10,0,0,0,1,42,21,0,3098,0,0,42,21,0,21,21,0,4.2,73.95238095,#DIV/0!,1,0
242025,2022-01-23,3078,punt,PUNT,0,BUF,KC,BUF,42,36,23,21,0.27267495,0.7273251,Half2,45,0,704,2021_20_BUF_KC,KC,1,4,6,3,153,7,4,1.5,2,1,1,19,15,0,551,23,21,42,36,2,6,4,3.285714286,4.75,37.05263158,51,0,0
242300,2022-01-23,1208,punt,PUNT,0,TB,TB,LA,27,30,3,17,0.13366272,0.8663373,Half1,21,0,2610,2021_20_LA_TB,LA,0,3,-3,0,46,3,12,-1,14,1,1,13,24,0,2564,17,3,30,27,14,3,-11,5.666666667,1.083333333,200.7692308,#DIV/0!,0,0
242354,2022-01-23,2481,punt,PUNT,0,TB,TB,LA,27,30,3,20,0.041715167,0.95828485,Half2,33,0,1539,2021_20_LA_TB,LA,1,6,28,7,198,7,8,4.666666667,17,1,1,10,24,0,1341,20,3,30,27,17,3,-14,2.857142857,1.25,153.9,28.28571429,0,0
242983,2022-02-13,633,punt,PUNT,0,LA,CIN,LA,20,23,0,7,0.65873283,0.34126717,Half1,20,0,2843,2021_22_LA_CIN,CIN,1,6,59,3,101,2,10,9.833333333,-7,-1,-1,20,16,0,2742,0,7,20,23,-7,-3,4,0,2,142.15,33.66666667,0,0
,,,,,,,,,,,,,,,,,,,,,,,,,,,,,,,,,,,,,,,,,,,,,,,20,15
,,,,,,,,,,,,,,,,,,,,,,,,,,,,,,,,,,,,,,,,,,,,,,,0.05730659026,0.04297994269